contract_decimals,contract_name,contract_ticker_symbol,contract_address,supports_erc,logo_url,address,balance,total_supply,block_height
18,NYAN/ETH ARBI Shares,NYAN/ETH-SHARES,0xf285108d3aa4dc9041364b64297979979a7ec7b9,,,0x5c391b2edc2174bea333a508c48d8efc116d474d,3766972765692876919452,,672014
18,NYAN/ETH ARBI Shares,NYAN/ETH-SHARES,0xf285108d3aa4dc9041364b64297979979a7ec7b9,,,0xf8fa2e5f52ad3c3c49ffa1f3f4e6f3ccefa4011e,948879249228950293678,,672014
18,NYAN/ETH ARBI Shares,NYAN/ETH-SHARES,0xf285108d3aa4dc9041364b64297979979a7ec7b9,,,0xa9e244bacf3eb0de750b9d0d2e1930e56ccb71f3,869518384594170467225,,672014
18,NYAN/ETH ARBI Shares,NYAN/ETH-SHARES,0xf285108d3aa4dc9041364b64297979979a7ec7b9,,,0xa99634c98c262fd6b51cb8662a9b4fd8774ca424,648413553146764282846,,672014
18,NYAN/ETH ARBI Shares,NYAN/ETH-SHARES,0xf285108d3aa4dc9041364b64297979979a7ec7b9,,,0x329c54289ff5d6b7b7dae13592c6b1eda1543ed4,444806050824210278498,,672014
18,NYAN/ETH ARBI Shares,NYAN/ETH-SHARES,0xf285108d3aa4dc9041364b64297979979a7ec7b9,,,0xa7b783335145610cbf09124cdd9512ae55a843ec,337503083230152046316,,672014
18,NYAN/ETH ARBI Shares,NYAN/ETH-SHARES,0xf285108d3aa4dc9041364b64297979979a7ec7b9,,,0x88b7a44cecd526cd2d424b0a4cc2bbb26341dd8f,310528427436957159022,,672014
18,NYAN/ETH ARBI Shares,NYAN/ETH-SHARES,0xf285108d3aa4dc9041364b64297979979a7ec7b9,,,0x8568e1a8082b442ae9be089a3b3888a25ae55f8c,289813053184110883435,,672014
18,NYAN/ETH ARBI Shares,NYAN/ETH-SHARES,0xf285108d3aa4dc9041364b64297979979a7ec7b9,,,0x29c6b4307d9e665d3243903e408e6007c4300c99,238256946948814690429,,672014
18,NYAN/ETH ARBI Shares,NYAN/ETH-SHARES,0xf285108d3aa4dc9041364b64297979979a7ec7b9,,,0x104252d77c7b3c4e2e8ba18f4997d9b6399fad82,219999999999999999999,,672014
18,NYAN/ETH ARBI Shares,NYAN/ETH-SHARES,0xf285108d3aa4dc9041364b64297979979a7ec7b9,,,0xc9b7f801541f88ae2f62c4c0eed29949d057c951,219896943484194396192,,672014
18,NYAN/ETH ARBI Shares,NYAN/ETH-SHARES,0xf285108d3aa4dc9041364b64297979979a7ec7b9,,,0xc4f9e3102bdfc79a65b52d9d1e9188a2f15d3213,205359722169305087952,,672014
18,NYAN/ETH ARBI Shares,NYAN/ETH-SHARES,0xf285108d3aa4dc9041364b64297979979a7ec7b9,,,0x6dd91bdab368282dc4ea4f4befc831b78a7c38c0,187401932737368408897,,672014
18,NYAN/ETH ARBI Shares,NYAN/ETH-SHARES,0xf285108d3aa4dc9041364b64297979979a7ec7b9,,,0x71f9ccd68bf1f5f9b571f509e0765a04ca4ffad2,186883592421172075946,,672014
18,NYAN/ETH ARBI Shares,NYAN/ETH-SHARES,0xf285108d3aa4dc9041364b64297979979a7ec7b9,,,0x3cc769cce18ee80530c94604a1d4ed6bd9ed2eca,172206952203539720249,,672014
18,NYAN/ETH ARBI Shares,NYAN/ETH-SHARES,0xf285108d3aa4dc9041364b64297979979a7ec7b9,,,0xe181dffa3847ed7ed1714f9f52b5ed5d6f5be7b9,159957859561183881002,,672014
18,NYAN/ETH ARBI Shares,NYAN/ETH-SHARES,0xf285108d3aa4dc9041364b64297979979a7ec7b9,,,0xabe1a48d2c17f18451cf2c7d5f807425bce4f92b,159268146739519876261,,672014
18,NYAN/ETH ARBI Shares,NYAN/ETH-SHARES,0xf285108d3aa4dc9041364b64297979979a7ec7b9,,,0x56dd9a237a5635b66b2dae54bd834732a74593c2,156097493078300188105,,672014
18,NYAN/ETH ARBI Shares,NYAN/ETH-SHARES,0xf285108d3aa4dc9041364b64297979979a7ec7b9,,,0x4d928359e8556197f161f4927a928dfde9c3d1a8,149845377473079354393,,672014
18,NYAN/ETH ARBI Shares,NYAN/ETH-SHARES,0xf285108d3aa4dc9041364b64297979979a7ec7b9,,,0x05a5214752ded026930447ab8ce84f86584cb362,135224093533063588751,,672014
18,NYAN/ETH ARBI Shares,NYAN/ETH-SHARES,0xf285108d3aa4dc9041364b64297979979a7ec7b9,,,0x3540a110f39fcca51ab8490bbb1fb2f0346ac99b,133397438398297602189,,672014
18,NYAN/ETH ARBI Shares,NYAN/ETH-SHARES,0xf285108d3aa4dc9041364b64297979979a7ec7b9,,,0xa91ff92f6a52cc9f284457660f5c18b8ac8be670,130983896953882180380,,672014
18,NYAN/ETH ARBI Shares,NYAN/ETH-SHARES,0xf285108d3aa4dc9041364b64297979979a7ec7b9,,,0xdfbfc3eba2b7cc37ad9c172719d36682eb90d7da,126543351349186725326,,672014
18,NYAN/ETH ARBI Shares,NYAN/ETH-SHARES,0xf285108d3aa4dc9041364b64297979979a7ec7b9,,,0x98fd7670f441e3de7f071c0acfb1fd567998c8d2,120102923883571728123,,672014
18,NYAN/ETH ARBI Shares,NYAN/ETH-SHARES,0xf285108d3aa4dc9041364b64297979979a7ec7b9,,,0x303425052e462dd0f3044aee17e1f5be9c7de783,108696086502029985670,,672014
18,NYAN/ETH ARBI Shares,NYAN/ETH-SHARES,0xf285108d3aa4dc9041364b64297979979a7ec7b9,,,0xe40a1135b60bc2c2dc77c500a295347f3bbad5e8,107711564475947001368,,672014
18,NYAN/ETH ARBI Shares,NYAN/ETH-SHARES,0xf285108d3aa4dc9041364b64297979979a7ec7b9,,,0xb3853620bad01e0d3eb72f53db9f0efc4c6326c3,94293895557773084887,,672014
18,NYAN/ETH ARBI Shares,NYAN/ETH-SHARES,0xf285108d3aa4dc9041364b64297979979a7ec7b9,,,0x12de92544fd5e19bcce0e390ba04860e1148af93,92785770189415991725,,672014
18,NYAN/ETH ARBI Shares,NYAN/ETH-SHARES,0xf285108d3aa4dc9041364b64297979979a7ec7b9,,,0x79dd8c46c2c5f6a2b95d9cb8b78274008d2534fa,80165063299132492627,,672014
18,NYAN/ETH ARBI Shares,NYAN/ETH-SHARES,0xf285108d3aa4dc9041364b64297979979a7ec7b9,,,0xfd12dc7aaae5528a64f4964d21e6a9da9324b066,75494596596113993505,,672014
18,NYAN/ETH ARBI Shares,NYAN/ETH-SHARES,0xf285108d3aa4dc9041364b64297979979a7ec7b9,,,0x2b290f41af8e0e6db68c0d8325394d8935d1d990,69661370694968983567,,672014
18,NYAN/ETH ARBI Shares,NYAN/ETH-SHARES,0xf285108d3aa4dc9041364b64297979979a7ec7b9,,,0x554b1bd47b7d180844175ca4635880da8a3c70b9,67037554729463428726,,672014
18,NYAN/ETH ARBI Shares,NYAN/ETH-SHARES,0xf285108d3aa4dc9041364b64297979979a7ec7b9,,,0x86ce23a8bf873e2791558744ffeda67e7f39fb4a,65249202167329469563,,672014
18,NYAN/ETH ARBI Shares,NYAN/ETH-SHARES,0xf285108d3aa4dc9041364b64297979979a7ec7b9,,,0xaed1ffe46f5b6e14afdef764de436c38d38cd93f,62661799564781738032,,672014
18,NYAN/ETH ARBI Shares,NYAN/ETH-SHARES,0xf285108d3aa4dc9041364b64297979979a7ec7b9,,,0x537037c5ae805b9d4cecab5ee07f12a8e59a15b2,61700309771047483610,,672014
18,NYAN/ETH ARBI Shares,NYAN/ETH-SHARES,0xf285108d3aa4dc9041364b64297979979a7ec7b9,,,0x45e48c0a6fe8b759652624451c83387130c58367,55303998697518441027,,672014
18,NYAN/ETH ARBI Shares,NYAN/ETH-SHARES,0xf285108d3aa4dc9041364b64297979979a7ec7b9,,,0xdf0259238271427c469abc18a2cb3047d5c12466,52130648586040264647,,672014
18,NYAN/ETH ARBI Shares,NYAN/ETH-SHARES,0xf285108d3aa4dc9041364b64297979979a7ec7b9,,,0x3c9c7d134452395399dbc3b237fd9cc0507f2463,47664674336211727584,,672014
18,NYAN/ETH ARBI Shares,NYAN/ETH-SHARES,0xf285108d3aa4dc9041364b64297979979a7ec7b9,,,0x095a7d9f3c901ce02cde5dbacc0751f7974033e3,46809896479673708317,,672014
18,NYAN/ETH ARBI Shares,NYAN/ETH-SHARES,0xf285108d3aa4dc9041364b64297979979a7ec7b9,,,0x10bde02988cfe40520e5837714eb2529ea7d67b3,46807284282603204949,,672014
18,NYAN/ETH ARBI Shares,NYAN/ETH-SHARES,0xf285108d3aa4dc9041364b64297979979a7ec7b9,,,0xb85eaf59e6dc69ac7b6d92c6c24e1a83b582b293,45865750146985547608,,672014
18,NYAN/ETH ARBI Shares,NYAN/ETH-SHARES,0xf285108d3aa4dc9041364b64297979979a7ec7b9,,,0x036bbcd47e8a66c4f1559674b3993df75070648b,44700521114239666100,,672014
18,NYAN/ETH ARBI Shares,NYAN/ETH-SHARES,0xf285108d3aa4dc9041364b64297979979a7ec7b9,,,0xfdd66fc96929c5789ea829d2b7c5e139cc642c5f,42770408596663934397,,672014
18,NYAN/ETH ARBI Shares,NYAN/ETH-SHARES,0xf285108d3aa4dc9041364b64297979979a7ec7b9,,,0xb0789899c32ee0b03d7959c07c99f848d506ee7b,36199844331465523515,,672014
18,NYAN/ETH ARBI Shares,NYAN/ETH-SHARES,0xf285108d3aa4dc9041364b64297979979a7ec7b9,,,0x47b2efa18736c6c211505aefd321bec3ac3e8779,34195349624948090321,,672014
18,NYAN/ETH ARBI Shares,NYAN/ETH-SHARES,0xf285108d3aa4dc9041364b64297979979a7ec7b9,,,0x48bd8b901811ae90b6e43efed61c9b9fd8444060,33994519976881561639,,672014
18,NYAN/ETH ARBI Shares,NYAN/ETH-SHARES,0xf285108d3aa4dc9041364b64297979979a7ec7b9,,,0xc9ee04e4679de1a262e1246107027cb75ac0611f,33309993045460819891,,672014
18,NYAN/ETH ARBI Shares,NYAN/ETH-SHARES,0xf285108d3aa4dc9041364b64297979979a7ec7b9,,,0xf5dcb2a47f738d8ba39f9fa2ddc7592f268a262a,32768087956540887088,,672014
18,NYAN/ETH ARBI Shares,NYAN/ETH-SHARES,0xf285108d3aa4dc9041364b64297979979a7ec7b9,,,0x66f38834895920589f66a8eabc2b6a543b0eca24,32012664892327958069,,672014
18,NYAN/ETH ARBI Shares,NYAN/ETH-SHARES,0xf285108d3aa4dc9041364b64297979979a7ec7b9,,,0x848650cd11e3f3e2d69ab421c3eae75ac7b80211,31378545612738650092,,672014
18,NYAN/ETH ARBI Shares,NYAN/ETH-SHARES,0xf285108d3aa4dc9041364b64297979979a7ec7b9,,,0x7777cd9290e7cf466bafe3e762993977192d1377,30446200328941679099,,672014
18,NYAN/ETH ARBI Shares,NYAN/ETH-SHARES,0xf285108d3aa4dc9041364b64297979979a7ec7b9,,,0x0c1f53e586440c97092de9255312e144cb78991d,30427852342309221936,,672014
18,NYAN/ETH ARBI Shares,NYAN/ETH-SHARES,0xf285108d3aa4dc9041364b64297979979a7ec7b9,,,0x2af5c4412f277c79832b615cfc2b33ecfb9ab9bb,29399075037508207514,,672014
18,NYAN/ETH ARBI Shares,NYAN/ETH-SHARES,0xf285108d3aa4dc9041364b64297979979a7ec7b9,,,0x3113ab5c691ecdac25c07bbf2bf80eb005e4088c,28629406614977136160,,672014
18,NYAN/ETH ARBI Shares,NYAN/ETH-SHARES,0xf285108d3aa4dc9041364b64297979979a7ec7b9,,,0x6e1bd418d2101baf7fb7f184ef3b73a6662a8537,28098175455611254732,,672014
18,NYAN/ETH ARBI Shares,NYAN/ETH-SHARES,0xf285108d3aa4dc9041364b64297979979a7ec7b9,,,0x54a2ac5bec44deb48261ba69870e0cf60e69b7cd,27865440626261796206,,672014
18,NYAN/ETH ARBI Shares,NYAN/ETH-SHARES,0xf285108d3aa4dc9041364b64297979979a7ec7b9,,,0x5fc79e21ceca2aa0f7a0aac71ef3ddde8f004e9e,27669055029576149397,,672014
18,NYAN/ETH ARBI Shares,NYAN/ETH-SHARES,0xf285108d3aa4dc9041364b64297979979a7ec7b9,,,0xd3ef3b3f952fa7c931463ffe65a92f51bb1b0f1f,27623432066654888348,,672014
18,NYAN/ETH ARBI Shares,NYAN/ETH-SHARES,0xf285108d3aa4dc9041364b64297979979a7ec7b9,,,0xedc63f732d61df2556fd3ae84f911a84ac64b4ba,27139124512896899357,,672014
18,NYAN/ETH ARBI Shares,NYAN/ETH-SHARES,0xf285108d3aa4dc9041364b64297979979a7ec7b9,,,0xefaa5fe183b7cbe2772fe4ac88831b7aa6c37422,27010344357892503672,,672014
18,NYAN/ETH ARBI Shares,NYAN/ETH-SHARES,0xf285108d3aa4dc9041364b64297979979a7ec7b9,,,0x7beaa6a31455ffce6424524696346ff6677ebc84,25477564894467550482,,672014
18,NYAN/ETH ARBI Shares,NYAN/ETH-SHARES,0xf285108d3aa4dc9041364b64297979979a7ec7b9,,,0x0e0db19aa98a4ca99eef0527dca36b56090c20a3,25448332662719494722,,672014
18,NYAN/ETH ARBI Shares,NYAN/ETH-SHARES,0xf285108d3aa4dc9041364b64297979979a7ec7b9,,,0x76e66d15de3d46cd992fccdf73ec2f6298084e7c,24800966740946785343,,672014
18,NYAN/ETH ARBI Shares,NYAN/ETH-SHARES,0xf285108d3aa4dc9041364b64297979979a7ec7b9,,,0x0b146a1ca55dd51fe98a33e5ef6b00552f648a7f,24538612218402963687,,672014
18,NYAN/ETH ARBI Shares,NYAN/ETH-SHARES,0xf285108d3aa4dc9041364b64297979979a7ec7b9,,,0x59b429647fcc0a29166baf2707db5d61f0572865,23802671652150126580,,672014
18,NYAN/ETH ARBI Shares,NYAN/ETH-SHARES,0xf285108d3aa4dc9041364b64297979979a7ec7b9,,,0xdb76cdaeb5d5031d50a88d7fee545508ee4216e4,21754191864847528880,,672014
18,NYAN/ETH ARBI Shares,NYAN/ETH-SHARES,0xf285108d3aa4dc9041364b64297979979a7ec7b9,,,0x14b5eb80797280066665602246b6acbe77bfb90e,21479971626843239263,,672014
18,NYAN/ETH ARBI Shares,NYAN/ETH-SHARES,0xf285108d3aa4dc9041364b64297979979a7ec7b9,,,0xe551388b683bb1e34e27e5a7b00eabe79b080bf7,20536288390597524928,,672014
18,NYAN/ETH ARBI Shares,NYAN/ETH-SHARES,0xf285108d3aa4dc9041364b64297979979a7ec7b9,,,0x1c5c8e8789a38424617df30bee4848520279b6e4,20340639833600253317,,672014
18,NYAN/ETH ARBI Shares,NYAN/ETH-SHARES,0xf285108d3aa4dc9041364b64297979979a7ec7b9,,,0xff2779e68e24b725c625f514acb36736a23391e8,20087112084028073559,,672014
18,NYAN/ETH ARBI Shares,NYAN/ETH-SHARES,0xf285108d3aa4dc9041364b64297979979a7ec7b9,,,0x97e2706841f0e10ae4e9c1b33111a0757c169014,20000000000000000000,,672014
18,NYAN/ETH ARBI Shares,NYAN/ETH-SHARES,0xf285108d3aa4dc9041364b64297979979a7ec7b9,,,0x5792cbb05888498989325ca44682f86e253d7d1c,19930064122178735695,,672014
18,NYAN/ETH ARBI Shares,NYAN/ETH-SHARES,0xf285108d3aa4dc9041364b64297979979a7ec7b9,,,0x4ff670075a9fdf1c3da1e5da2049b567e2c22328,19811617220705099569,,672014
18,NYAN/ETH ARBI Shares,NYAN/ETH-SHARES,0xf285108d3aa4dc9041364b64297979979a7ec7b9,,,0x9b7d7c4ce98036c4d6f3d638a00e220e083116c7,19403036403106641528,,672014
18,NYAN/ETH ARBI Shares,NYAN/ETH-SHARES,0xf285108d3aa4dc9041364b64297979979a7ec7b9,,,0xd1a03b12dda8e4dff2c36e42a0f557ae18cc668d,19388522698427089938,,672014
18,NYAN/ETH ARBI Shares,NYAN/ETH-SHARES,0xf285108d3aa4dc9041364b64297979979a7ec7b9,,,0x216d5609afb295931b47b7ececc36e3fc1908262,19374398419873067818,,672014
18,NYAN/ETH ARBI Shares,NYAN/ETH-SHARES,0xf285108d3aa4dc9041364b64297979979a7ec7b9,,,0x4206919c00cf8e1e1bf9480ce56081a9cd1c3654,19345825085718439969,,672014
18,NYAN/ETH ARBI Shares,NYAN/ETH-SHARES,0xf285108d3aa4dc9041364b64297979979a7ec7b9,,,0xdc495516ddc20877e55e6e05162a990e9057fc66,19114168626691105284,,672014
18,NYAN/ETH ARBI Shares,NYAN/ETH-SHARES,0xf285108d3aa4dc9041364b64297979979a7ec7b9,,,0x3b737ba85aa1a022651a0e596a3e18f856442d7e,18987910488446897026,,672014
18,NYAN/ETH ARBI Shares,NYAN/ETH-SHARES,0xf285108d3aa4dc9041364b64297979979a7ec7b9,,,0xdfab977372a039e78839687b8c359465f0f17532,18681543064431366011,,672014
18,NYAN/ETH ARBI Shares,NYAN/ETH-SHARES,0xf285108d3aa4dc9041364b64297979979a7ec7b9,,,0x2e20df63f5ffb0578cf4ccc223cb3003a50200b1,18638512093578729797,,672014
18,NYAN/ETH ARBI Shares,NYAN/ETH-SHARES,0xf285108d3aa4dc9041364b64297979979a7ec7b9,,,0xc6a8c7f1b6809539d03d2c4ede2691bebb707478,18275864481944299330,,672014
18,NYAN/ETH ARBI Shares,NYAN/ETH-SHARES,0xf285108d3aa4dc9041364b64297979979a7ec7b9,,,0x35a3bc47742875cdfc21b6386dad9dbc0e1b1a09,17858384605830194612,,672014
18,NYAN/ETH ARBI Shares,NYAN/ETH-SHARES,0xf285108d3aa4dc9041364b64297979979a7ec7b9,,,0x3bbfdf19bd0a65c9ac916a9b32c263f9752a1a9a,17526578903172146981,,672014
18,NYAN/ETH ARBI Shares,NYAN/ETH-SHARES,0xf285108d3aa4dc9041364b64297979979a7ec7b9,,,0x469b83988610b92aac8c3ec1fdac42d531b9178a,17031904365853633012,,672014
18,NYAN/ETH ARBI Shares,NYAN/ETH-SHARES,0xf285108d3aa4dc9041364b64297979979a7ec7b9,,,0x06b375ae85a2961cac95524e99fe8eea2cc41e52,16955335334165383845,,672014
18,NYAN/ETH ARBI Shares,NYAN/ETH-SHARES,0xf285108d3aa4dc9041364b64297979979a7ec7b9,,,0x4a205424de1a6e5fc83d5f5f415fb2296542efce,15939042621728321076,,672014
18,NYAN/ETH ARBI Shares,NYAN/ETH-SHARES,0xf285108d3aa4dc9041364b64297979979a7ec7b9,,,0xe3d69bcab5daaea39787eeaf4c0369de366d71bd,14788836480618973385,,672014
18,NYAN/ETH ARBI Shares,NYAN/ETH-SHARES,0xf285108d3aa4dc9041364b64297979979a7ec7b9,,,0x9c288e7f4dbd99e5753c4fb4c24cad3d73828ecb,14680078916109696912,,672014
18,NYAN/ETH ARBI Shares,NYAN/ETH-SHARES,0xf285108d3aa4dc9041364b64297979979a7ec7b9,,,0x444c996b74631763ce0c406fcbe9aa13d35f395e,14390931093808766867,,672014
18,NYAN/ETH ARBI Shares,NYAN/ETH-SHARES,0xf285108d3aa4dc9041364b64297979979a7ec7b9,,,0xa4b2adb7c0afef6542af0bf25cafc818e9295681,14390670940751907067,,672014
18,NYAN/ETH ARBI Shares,NYAN/ETH-SHARES,0xf285108d3aa4dc9041364b64297979979a7ec7b9,,,0x6a12795beb0c4dfe39b5cb1ceec8ce1784a9f073,14279547816898169687,,672014
18,NYAN/ETH ARBI Shares,NYAN/ETH-SHARES,0xf285108d3aa4dc9041364b64297979979a7ec7b9,,,0xb9f43e250dadf6b61872307396ad1b8beba27bcd,14167856454647974188,,672014
18,NYAN/ETH ARBI Shares,NYAN/ETH-SHARES,0xf285108d3aa4dc9041364b64297979979a7ec7b9,,,0xf461ab87c7d03c1c2f9fa5bc2d1cc23bae25327f,13964431621593656823,,672014
18,NYAN/ETH ARBI Shares,NYAN/ETH-SHARES,0xf285108d3aa4dc9041364b64297979979a7ec7b9,,,0x668c6f75486d6882a1aacf7bf03eee605c96fdad,13900271808073342132,,672014
18,NYAN/ETH ARBI Shares,NYAN/ETH-SHARES,0xf285108d3aa4dc9041364b64297979979a7ec7b9,,,0x3cc729e9cd6521e3e97cffc17a60005f1e78e5ac,13478233090417288447,,672014
18,NYAN/ETH ARBI Shares,NYAN/ETH-SHARES,0xf285108d3aa4dc9041364b64297979979a7ec7b9,,,0x5306fb70e6e0dd236108d72e10b22d4ec24eaf62,13021420493713074857,,672014
18,NYAN/ETH ARBI Shares,NYAN/ETH-SHARES,0xf285108d3aa4dc9041364b64297979979a7ec7b9,,,0x74231623d8058afc0a62f919742e15af0fb299e5,12931923585277638790,,672014
18,NYAN/ETH ARBI Shares,NYAN/ETH-SHARES,0xf285108d3aa4dc9041364b64297979979a7ec7b9,,,0xb951da3870f7b7d1e3f9249c18e93d5cc5c3565c,12691940287314376284,,672014
18,NYAN/ETH ARBI Shares,NYAN/ETH-SHARES,0xf285108d3aa4dc9041364b64297979979a7ec7b9,,,0xbb1130367b46c56d9fa54aa5daed7bd8d391a7fd,12354590797198438148,,672014
18,NYAN/ETH ARBI Shares,NYAN/ETH-SHARES,0xf285108d3aa4dc9041364b64297979979a7ec7b9,,,0x5476ba1cc9936ec20a4f8b7ba198593c871b8330,12350027220092815834,,672014
18,NYAN/ETH ARBI Shares,NYAN/ETH-SHARES,0xf285108d3aa4dc9041364b64297979979a7ec7b9,,,0x442fdf7e1544e60282ddb6721f468467f82994f7,12299843735943033744,,672014
18,NYAN/ETH ARBI Shares,NYAN/ETH-SHARES,0xf285108d3aa4dc9041364b64297979979a7ec7b9,,,0x2329d6d67dc1d4da1858e2fe839c20e7f5456081,11775090793670016835,,672014
18,NYAN/ETH ARBI Shares,NYAN/ETH-SHARES,0xf285108d3aa4dc9041364b64297979979a7ec7b9,,,0xc3f956b61d1b6d5f2dc6f093a288bf884b831692,11745743661473308704,,672014
18,NYAN/ETH ARBI Shares,NYAN/ETH-SHARES,0xf285108d3aa4dc9041364b64297979979a7ec7b9,,,0xb8d1ed6560408b748390ba88f68d5067c7a846e0,11654831431240386146,,672014
18,NYAN/ETH ARBI Shares,NYAN/ETH-SHARES,0xf285108d3aa4dc9041364b64297979979a7ec7b9,,,0x6f133b985501dbc3a697fb5244924b57c5ac8c72,11635927369197825484,,672014
18,NYAN/ETH ARBI Shares,NYAN/ETH-SHARES,0xf285108d3aa4dc9041364b64297979979a7ec7b9,,,0x2b6091da312a3591df6a94b24dd3c34d2b01ca22,11250292285819936795,,672014
18,NYAN/ETH ARBI Shares,NYAN/ETH-SHARES,0xf285108d3aa4dc9041364b64297979979a7ec7b9,,,0x20e4445a5b04a2f759101f5d1159ddb096dfb62c,10881721131706357587,,672014
18,NYAN/ETH ARBI Shares,NYAN/ETH-SHARES,0xf285108d3aa4dc9041364b64297979979a7ec7b9,,,0xb9581d8311cc3b9e677af6b0c55f1b93b69ad6f6,10681663850494463732,,672014
18,NYAN/ETH ARBI Shares,NYAN/ETH-SHARES,0xf285108d3aa4dc9041364b64297979979a7ec7b9,,,0x00c67d9d6d3d13b42a87424e145826c467cccd84,10573376870499595297,,672014
18,NYAN/ETH ARBI Shares,NYAN/ETH-SHARES,0xf285108d3aa4dc9041364b64297979979a7ec7b9,,,0x73e84d442f748fb9e780c8a75af60d52b765dfa9,10539068325773490462,,672014
18,NYAN/ETH ARBI Shares,NYAN/ETH-SHARES,0xf285108d3aa4dc9041364b64297979979a7ec7b9,,,0x02fa7a777f9ed1ccaf12762d1e0e07252c35df2f,10357612944855765455,,672014
18,NYAN/ETH ARBI Shares,NYAN/ETH-SHARES,0xf285108d3aa4dc9041364b64297979979a7ec7b9,,,0x74a2682aab14963622425e313b9acb393aef4799,10200233046737900868,,672014
18,NYAN/ETH ARBI Shares,NYAN/ETH-SHARES,0xf285108d3aa4dc9041364b64297979979a7ec7b9,,,0xc74e9bf022dd7e8d72ca3ac8ad6bc1263cce235d,9599708824283641287,,672014
18,NYAN/ETH ARBI Shares,NYAN/ETH-SHARES,0xf285108d3aa4dc9041364b64297979979a7ec7b9,,,0x9c9cd38a343850f3082bbff50f231aa931ca1fd8,9580766682617392755,,672014
18,NYAN/ETH ARBI Shares,NYAN/ETH-SHARES,0xf285108d3aa4dc9041364b64297979979a7ec7b9,,,0xfe365e0f0f49650c71955754e2caba027c0e2198,9117640673317068221,,672014
18,NYAN/ETH ARBI Shares,NYAN/ETH-SHARES,0xf285108d3aa4dc9041364b64297979979a7ec7b9,,,0xdc7f3c5fc1ce22e8d8f2c35029055bcc06ea1dfc,8739286109571846112,,672014
18,NYAN/ETH ARBI Shares,NYAN/ETH-SHARES,0xf285108d3aa4dc9041364b64297979979a7ec7b9,,,0xb5b55aa5cb2e9d83d07fbd9f94d96626c6cad1f9,8638421515687941213,,672014
18,NYAN/ETH ARBI Shares,NYAN/ETH-SHARES,0xf285108d3aa4dc9041364b64297979979a7ec7b9,,,0x877c179f0b441a45e62f33e6c36dd041270c78be,8372586360000928877,,672014
18,NYAN/ETH ARBI Shares,NYAN/ETH-SHARES,0xf285108d3aa4dc9041364b64297979979a7ec7b9,,,0xf8a5552f5af4d325aba476c190a04e633d7e23f4,8192439414783636462,,672014
18,NYAN/ETH ARBI Shares,NYAN/ETH-SHARES,0xf285108d3aa4dc9041364b64297979979a7ec7b9,,,0x98de69fc87790bf9679e5b781a03e6821f3d2f75,8191040705513574255,,672014
18,NYAN/ETH ARBI Shares,NYAN/ETH-SHARES,0xf285108d3aa4dc9041364b64297979979a7ec7b9,,,0xba95a79706dc4b655eb302bdb16509a02f04ade3,8171861043804519174,,672014
18,NYAN/ETH ARBI Shares,NYAN/ETH-SHARES,0xf285108d3aa4dc9041364b64297979979a7ec7b9,,,0xa4f0b6899ca568df1595a3d12054499e5e1c9faf,8007800580859336500,,672014
18,NYAN/ETH ARBI Shares,NYAN/ETH-SHARES,0xf285108d3aa4dc9041364b64297979979a7ec7b9,,,0xb81a7cc5af4acb0294ee124b5ad01d8d46e80cf7,7687671815121625231,,672014
18,NYAN/ETH ARBI Shares,NYAN/ETH-SHARES,0xf285108d3aa4dc9041364b64297979979a7ec7b9,,,0x932a824a4d3d0680e0b352de150e6f212b8ac841,7578133327760067480,,672014
18,NYAN/ETH ARBI Shares,NYAN/ETH-SHARES,0xf285108d3aa4dc9041364b64297979979a7ec7b9,,,0xab58779cec2b82a75ffd103fdc88d7e3adb13468,7363763535965859640,,672014
18,NYAN/ETH ARBI Shares,NYAN/ETH-SHARES,0xf285108d3aa4dc9041364b64297979979a7ec7b9,,,0x6de94e3563b59ecfe96a5efd9686ee9149d0a805,7169793000037566042,,672014
18,NYAN/ETH ARBI Shares,NYAN/ETH-SHARES,0xf285108d3aa4dc9041364b64297979979a7ec7b9,,,0x58d6d8ffaa8b3a71f4ec63facc732ece13e3c3dd,7072156363836713942,,672014
18,NYAN/ETH ARBI Shares,NYAN/ETH-SHARES,0xf285108d3aa4dc9041364b64297979979a7ec7b9,,,0x6d45b364ccbef5c7c61f1b6449c03a3cab28e9f7,6851341586346642650,,672014
18,NYAN/ETH ARBI Shares,NYAN/ETH-SHARES,0xf285108d3aa4dc9041364b64297979979a7ec7b9,,,0x68d8d742abfd6c076107d88f0deb4823c39b1519,6706705925232123987,,672014
18,NYAN/ETH ARBI Shares,NYAN/ETH-SHARES,0xf285108d3aa4dc9041364b64297979979a7ec7b9,,,0x1cf54b443cecda6e802806b675bb5d525cc1c3d3,6691024558641105006,,672014
18,NYAN/ETH ARBI Shares,NYAN/ETH-SHARES,0xf285108d3aa4dc9041364b64297979979a7ec7b9,,,0x37f8e3b0dfc2a980ec9cd2c233a054eaa99e9d8a,6583258713675051503,,672014
18,NYAN/ETH ARBI Shares,NYAN/ETH-SHARES,0xf285108d3aa4dc9041364b64297979979a7ec7b9,,,0x1d5522626729349812a71d812d14af8af1f7aa26,6418188100851575125,,672014
18,NYAN/ETH ARBI Shares,NYAN/ETH-SHARES,0xf285108d3aa4dc9041364b64297979979a7ec7b9,,,0xf800d8407b1488bb6dc3789c2d45147c25c38af5,6402900901706518994,,672014
18,NYAN/ETH ARBI Shares,NYAN/ETH-SHARES,0xf285108d3aa4dc9041364b64297979979a7ec7b9,,,0x012a6c859d3d4e04e5d4e72fecd2ff69cb82afd5,6338684077467839110,,672014
18,NYAN/ETH ARBI Shares,NYAN/ETH-SHARES,0xf285108d3aa4dc9041364b64297979979a7ec7b9,,,0x8a4a25d8f5b28b016f4dd01dea8a1b5f74dd74d1,6215487262641207287,,672014
18,NYAN/ETH ARBI Shares,NYAN/ETH-SHARES,0xf285108d3aa4dc9041364b64297979979a7ec7b9,,,0xe0e8c1d735698060477e79a8e4c20276fc2ec7a7,5798977226125170582,,672014
18,NYAN/ETH ARBI Shares,NYAN/ETH-SHARES,0xf285108d3aa4dc9041364b64297979979a7ec7b9,,,0x2facba55b2a082c741c7a8ac1d0148e6afe3f7ee,5619050539555384813,,672014
18,NYAN/ETH ARBI Shares,NYAN/ETH-SHARES,0xf285108d3aa4dc9041364b64297979979a7ec7b9,,,0x98bfab28679a5f3c516c3c4a504ed23313a54ceb,5588480146305716604,,672014
18,NYAN/ETH ARBI Shares,NYAN/ETH-SHARES,0xf285108d3aa4dc9041364b64297979979a7ec7b9,,,0xca7c767854b1e7305de07247ab85e30543d1d9c9,5555522778695108864,,672014
18,NYAN/ETH ARBI Shares,NYAN/ETH-SHARES,0xf285108d3aa4dc9041364b64297979979a7ec7b9,,,0x3c9002cdb61c56b89467d94a2d93235dfd698089,5509105117059081794,,672014
18,NYAN/ETH ARBI Shares,NYAN/ETH-SHARES,0xf285108d3aa4dc9041364b64297979979a7ec7b9,,,0xf0918ab646b7771d030c0643a53cd1a774139529,5397929629161989556,,672014
18,NYAN/ETH ARBI Shares,NYAN/ETH-SHARES,0xf285108d3aa4dc9041364b64297979979a7ec7b9,,,0x18b5be29483b436b991a974098da1832332b21d7,5373312388000436695,,672014
18,NYAN/ETH ARBI Shares,NYAN/ETH-SHARES,0xf285108d3aa4dc9041364b64297979979a7ec7b9,,,0xb9aec09400027c45aae482ecd8601d7712198201,5353238395122216886,,672014
18,NYAN/ETH ARBI Shares,NYAN/ETH-SHARES,0xf285108d3aa4dc9041364b64297979979a7ec7b9,,,0xb96dc6749fb274def23a56016e426c03a32c1214,5004898761469810693,,672014
18,NYAN/ETH ARBI Shares,NYAN/ETH-SHARES,0xf285108d3aa4dc9041364b64297979979a7ec7b9,,,0xa870271a5193940f738e17f1fa1af4ee28d8fa50,5000000000000000000,,672014
18,NYAN/ETH ARBI Shares,NYAN/ETH-SHARES,0xf285108d3aa4dc9041364b64297979979a7ec7b9,,,0x5f03e2352a6436e46dbcb2a960dc4f0a258da636,4991439910616476386,,672014
18,NYAN/ETH ARBI Shares,NYAN/ETH-SHARES,0xf285108d3aa4dc9041364b64297979979a7ec7b9,,,0x7a0dff2a955b72159650300a9acef97146dd12e6,4968449711015913495,,672014
18,NYAN/ETH ARBI Shares,NYAN/ETH-SHARES,0xf285108d3aa4dc9041364b64297979979a7ec7b9,,,0x5039e2936ec2a588cad92e4edcf41a1d3a443186,4930530830714081081,,672014
18,NYAN/ETH ARBI Shares,NYAN/ETH-SHARES,0xf285108d3aa4dc9041364b64297979979a7ec7b9,,,0x4e9b17574f369746d5cfc6aa83de680a41367bd5,4892591803658653814,,672014
18,NYAN/ETH ARBI Shares,NYAN/ETH-SHARES,0xf285108d3aa4dc9041364b64297979979a7ec7b9,,,0x6cf5ba860c43dbeca7193dd0fe9024cedc8e5315,4891321266909130016,,672014
18,NYAN/ETH ARBI Shares,NYAN/ETH-SHARES,0xf285108d3aa4dc9041364b64297979979a7ec7b9,,,0x85162b355eee83ed8d29c3cada25b80ca86e80d1,4891321266909130016,,672014
18,NYAN/ETH ARBI Shares,NYAN/ETH-SHARES,0xf285108d3aa4dc9041364b64297979979a7ec7b9,,,0x24274fd4723c9743ca6bfe2f9682be9bd5c468b8,4891321266909130016,,672014
18,NYAN/ETH ARBI Shares,NYAN/ETH-SHARES,0xf285108d3aa4dc9041364b64297979979a7ec7b9,,,0x292c53c760d69a7041c8e315ea47fd562ffcb93a,4879636103343865945,,672014
18,NYAN/ETH ARBI Shares,NYAN/ETH-SHARES,0xf285108d3aa4dc9041364b64297979979a7ec7b9,,,0xb4b975c959674687ca57b66749233557bee8d40b,4814866935226488489,,672014
18,NYAN/ETH ARBI Shares,NYAN/ETH-SHARES,0xf285108d3aa4dc9041364b64297979979a7ec7b9,,,0x28b2dc8faecb9fec76c00c311638d7fa83800695,4744478997040272634,,672014
18,NYAN/ETH ARBI Shares,NYAN/ETH-SHARES,0xf285108d3aa4dc9041364b64297979979a7ec7b9,,,0x63c66bd52bf4bc0dc00a50177153cbae76f56ec2,4726902052176283971,,672014
18,NYAN/ETH ARBI Shares,NYAN/ETH-SHARES,0xf285108d3aa4dc9041364b64297979979a7ec7b9,,,0xdf67d679c714f74f53c65336a347e7414fff2077,4720521516761212227,,672014
18,NYAN/ETH ARBI Shares,NYAN/ETH-SHARES,0xf285108d3aa4dc9041364b64297979979a7ec7b9,,,0xa1958a37c21372482deff4618baebbec23c9a449,4569149808762925836,,672014
18,NYAN/ETH ARBI Shares,NYAN/ETH-SHARES,0xf285108d3aa4dc9041364b64297979979a7ec7b9,,,0xc2372e1705ad907dfe2f4aa8e22fe74ddf85794b,4417517648849777484,,672014
18,NYAN/ETH ARBI Shares,NYAN/ETH-SHARES,0xf285108d3aa4dc9041364b64297979979a7ec7b9,,,0x54d1bea6125a4e1b04cccbab95c8a9fa2375eda4,4372467580577440861,,672014
18,NYAN/ETH ARBI Shares,NYAN/ETH-SHARES,0xf285108d3aa4dc9041364b64297979979a7ec7b9,,,0x9b22f3051cd8a86bf51d5477e69f9b54a1e2151b,4220382694286909657,,672014
18,NYAN/ETH ARBI Shares,NYAN/ETH-SHARES,0xf285108d3aa4dc9041364b64297979979a7ec7b9,,,0x2923be587904f3034ffab36c86c495df3c21bc97,4196311096203976272,,672014
18,NYAN/ETH ARBI Shares,NYAN/ETH-SHARES,0xf285108d3aa4dc9041364b64297979979a7ec7b9,,,0xf014b1a93dffc2bcca0ba11afcc1a4c3932063b8,4184850261273715273,,672014
18,NYAN/ETH ARBI Shares,NYAN/ETH-SHARES,0xf285108d3aa4dc9041364b64297979979a7ec7b9,,,0x2afd01591002e8d432627de68cad7964bd124871,4146322061501482148,,672014
18,NYAN/ETH ARBI Shares,NYAN/ETH-SHARES,0xf285108d3aa4dc9041364b64297979979a7ec7b9,,,0xe27953e859203598387968f04f55fd130a234c67,4117923855444693994,,672014
18,NYAN/ETH ARBI Shares,NYAN/ETH-SHARES,0xf285108d3aa4dc9041364b64297979979a7ec7b9,,,0x1dccbd9a44807844afa6a9b742c569d3f7aca53b,4067159995809962592,,672014
18,NYAN/ETH ARBI Shares,NYAN/ETH-SHARES,0xf285108d3aa4dc9041364b64297979979a7ec7b9,,,0x3f50d73fccbfa85eae10813359f861d4df4b13d7,4042558664981982747,,672014
18,NYAN/ETH ARBI Shares,NYAN/ETH-SHARES,0xf285108d3aa4dc9041364b64297979979a7ec7b9,,,0x1f4fd7f98275d44a48e1ddfb184aa125dc8aa9ae,3980550342670269628,,672014
18,NYAN/ETH ARBI Shares,NYAN/ETH-SHARES,0xf285108d3aa4dc9041364b64297979979a7ec7b9,,,0x3dd1b656fcc459cc4cf203b53aaabf8c85181f1d,3888868042635464187,,672014
18,NYAN/ETH ARBI Shares,NYAN/ETH-SHARES,0xf285108d3aa4dc9041364b64297979979a7ec7b9,,,0x0dc1f2633d657122d67735d9606e0b29f5523aef,3871526555324480054,,672014
18,NYAN/ETH ARBI Shares,NYAN/ETH-SHARES,0xf285108d3aa4dc9041364b64297979979a7ec7b9,,,0x83f6fe95067e24af601b1b822430c72c0098d208,3809684605682973431,,672014
18,NYAN/ETH ARBI Shares,NYAN/ETH-SHARES,0xf285108d3aa4dc9041364b64297979979a7ec7b9,,,0x8e693edbbfbd115a36c438a02584a23c36c32919,3741439606191679659,,672014
18,NYAN/ETH ARBI Shares,NYAN/ETH-SHARES,0xf285108d3aa4dc9041364b64297979979a7ec7b9,,,0x019f4ad7ea31cfa55625094298ee34966d334c7f,3731812876943242504,,672014
18,NYAN/ETH ARBI Shares,NYAN/ETH-SHARES,0xf285108d3aa4dc9041364b64297979979a7ec7b9,,,0xd6472b7c542663293bc941f17a18778c54feea23,3707235697201977866,,672014
18,NYAN/ETH ARBI Shares,NYAN/ETH-SHARES,0xf285108d3aa4dc9041364b64297979979a7ec7b9,,,0x2349a1dec544f6eebb87183e2512adcd4033438f,3612217747494873719,,672014
18,NYAN/ETH ARBI Shares,NYAN/ETH-SHARES,0xf285108d3aa4dc9041364b64297979979a7ec7b9,,,0x8c797a89291b00452d0d83872e52105733a7fd89,3562950106865694683,,672014
18,NYAN/ETH ARBI Shares,NYAN/ETH-SHARES,0xf285108d3aa4dc9041364b64297979979a7ec7b9,,,0x01e6fd0ae73d9194b19f9b376065577927a0d5f5,3560838550757821293,,672014
18,NYAN/ETH ARBI Shares,NYAN/ETH-SHARES,0xf285108d3aa4dc9041364b64297979979a7ec7b9,,,0x7c3d0402278366a3e1ed3f2b997005b7ca0e1ebe,3446783815731823918,,672014
18,NYAN/ETH ARBI Shares,NYAN/ETH-SHARES,0xf285108d3aa4dc9041364b64297979979a7ec7b9,,,0xd732f440acda52341f5b2f3749fc55d8a4b71b4a,3390717443235370381,,672014
18,NYAN/ETH ARBI Shares,NYAN/ETH-SHARES,0xf285108d3aa4dc9041364b64297979979a7ec7b9,,,0xa0250c7ff585fb28ff8a26c854aa0dbf41154473,3369773595298344164,,672014
18,NYAN/ETH ARBI Shares,NYAN/ETH-SHARES,0xf285108d3aa4dc9041364b64297979979a7ec7b9,,,0x8a876c5bc968dd8b4671a99bd5e6c1d54e1e7f19,3364241322394118368,,672014
18,NYAN/ETH ARBI Shares,NYAN/ETH-SHARES,0xf285108d3aa4dc9041364b64297979979a7ec7b9,,,0x33c95b6c911b06475d372faf6b315e34de5a7cc4,3321496953678821091,,672014
18,NYAN/ETH ARBI Shares,NYAN/ETH-SHARES,0xf285108d3aa4dc9041364b64297979979a7ec7b9,,,0x2239ff85f256b0ad09502e6b757ad4c0a747a899,3305636753638546805,,672014
18,NYAN/ETH ARBI Shares,NYAN/ETH-SHARES,0xf285108d3aa4dc9041364b64297979979a7ec7b9,,,0xf1eecb055b25040d1103cc2265f874ced0c0ccd0,3255459436481936945,,672014
18,NYAN/ETH ARBI Shares,NYAN/ETH-SHARES,0xf285108d3aa4dc9041364b64297979979a7ec7b9,,,0x730bbe154972f467062b3d91130ad36e67e55ca2,3132113114948433651,,672014
18,NYAN/ETH ARBI Shares,NYAN/ETH-SHARES,0xf285108d3aa4dc9041364b64297979979a7ec7b9,,,0x134f06a09dd9a16b3597810c3990b28447017f49,3014053557471717727,,672014
18,NYAN/ETH ARBI Shares,NYAN/ETH-SHARES,0xf285108d3aa4dc9041364b64297979979a7ec7b9,,,0xa8ca50f1cd2ad81aed4151c8d6c8b6e13c26a411,3004711709025333521,,672014
18,NYAN/ETH ARBI Shares,NYAN/ETH-SHARES,0xf285108d3aa4dc9041364b64297979979a7ec7b9,,,0xe13f7ab8ed8f980bae8e223f7432a8e92258c10e,2974304369754522445,,672014
18,NYAN/ETH ARBI Shares,NYAN/ETH-SHARES,0xf285108d3aa4dc9041364b64297979979a7ec7b9,,,0x639b837e9b67acc68ecc6161d5ae7f419e3b9657,2973288867295325677,,672014
18,NYAN/ETH ARBI Shares,NYAN/ETH-SHARES,0xf285108d3aa4dc9041364b64297979979a7ec7b9,,,0x42fb05e09f8a477620defe49af76e577cbd791d8,2904729164745685923,,672014
18,NYAN/ETH ARBI Shares,NYAN/ETH-SHARES,0xf285108d3aa4dc9041364b64297979979a7ec7b9,,,0x606cda1f6d9e4cf9fc5582b69081a178ce37351e,2827770125528347780,,672014
18,NYAN/ETH ARBI Shares,NYAN/ETH-SHARES,0xf285108d3aa4dc9041364b64297979979a7ec7b9,,,0xb154bc86a2bc95a2205ce98b811a7c5ab3dc3081,2769675843945847697,,672014
18,NYAN/ETH ARBI Shares,NYAN/ETH-SHARES,0xf285108d3aa4dc9041364b64297979979a7ec7b9,,,0x090476500ca188fd2ada370bb1b4e020f86e8eaf,2713035529805340396,,672014
18,NYAN/ETH ARBI Shares,NYAN/ETH-SHARES,0xf285108d3aa4dc9041364b64297979979a7ec7b9,,,0xca9ba74ee20917211ef646ac51accc287f27538b,2493192177784578877,,672014
18,NYAN/ETH ARBI Shares,NYAN/ETH-SHARES,0xf285108d3aa4dc9041364b64297979979a7ec7b9,,,0x5c061eb9bc30b096e0cfc685bcfdd71e50afeca6,2468317358721386323,,672014
18,NYAN/ETH ARBI Shares,NYAN/ETH-SHARES,0xf285108d3aa4dc9041364b64297979979a7ec7b9,,,0xc5d60d02025d7a0ddbf913e7e6f25ad12b9e0c7b,2466776634383813324,,672014
18,NYAN/ETH ARBI Shares,NYAN/ETH-SHARES,0xf285108d3aa4dc9041364b64297979979a7ec7b9,,,0x5b441f7ccf29ef51494008cbab224ffd45e153b2,2425350767020286250,,672014
18,NYAN/ETH ARBI Shares,NYAN/ETH-SHARES,0xf285108d3aa4dc9041364b64297979979a7ec7b9,,,0x700384fe20caadcbe3dc9fd66850b252992869f3,2277586268931895655,,672014
18,NYAN/ETH ARBI Shares,NYAN/ETH-SHARES,0xf285108d3aa4dc9041364b64297979979a7ec7b9,,,0xcd79272e57a870c0b1f69a8c840244364c4a0260,2242794573308495828,,672014
18,NYAN/ETH ARBI Shares,NYAN/ETH-SHARES,0xf285108d3aa4dc9041364b64297979979a7ec7b9,,,0xee5ce06accce11bc77c5a93723c8032d9108f22d,2237875011589164025,,672014
18,NYAN/ETH ARBI Shares,NYAN/ETH-SHARES,0xf285108d3aa4dc9041364b64297979979a7ec7b9,,,0xa31c2232842e631ccb2d2e4110b356bab21e6020,2234809663940138480,,672014
18,NYAN/ETH ARBI Shares,NYAN/ETH-SHARES,0xf285108d3aa4dc9041364b64297979979a7ec7b9,,,0x6fd5a849cc4bb26fde7737395e3b4a91f3b78a5a,2207038447766244584,,672014
18,NYAN/ETH ARBI Shares,NYAN/ETH-SHARES,0xf285108d3aa4dc9041364b64297979979a7ec7b9,,,0x9b7fabdb8b204faac634087ca98410acd09b0bb1,2206084465252336791,,672014
18,NYAN/ETH ARBI Shares,NYAN/ETH-SHARES,0xf285108d3aa4dc9041364b64297979979a7ec7b9,,,0xeaa089a091671bd50d7b70b9556ecb44bb579cc5,2179205237731866468,,672014
18,NYAN/ETH ARBI Shares,NYAN/ETH-SHARES,0xf285108d3aa4dc9041364b64297979979a7ec7b9,,,0xb4cb303e4b3b34f626bf3304521e8b157a237dd7,2173945985013905467,,672014
18,NYAN/ETH ARBI Shares,NYAN/ETH-SHARES,0xf285108d3aa4dc9041364b64297979979a7ec7b9,,,0x3b49f455e9758f5adbf26ed21914654b09ec1e80,2172506289431723338,,672014
18,NYAN/ETH ARBI Shares,NYAN/ETH-SHARES,0xf285108d3aa4dc9041364b64297979979a7ec7b9,,,0xb18977c13f660efe659f04c1220b801a43511667,2155475365701646464,,672014
18,NYAN/ETH ARBI Shares,NYAN/ETH-SHARES,0xf285108d3aa4dc9041364b64297979979a7ec7b9,,,0xb58e0431c7fd93ae5111d17d022208763cf2617a,2098726546023029040,,672014
18,NYAN/ETH ARBI Shares,NYAN/ETH-SHARES,0xf285108d3aa4dc9041364b64297979979a7ec7b9,,,0x5a78917b84d3946f7e093ad4d9944fffffb451a9,2087606254002551097,,672014
18,NYAN/ETH ARBI Shares,NYAN/ETH-SHARES,0xf285108d3aa4dc9041364b64297979979a7ec7b9,,,0xb32b84494df2b99cae50683a4273cce4a21429bf,2077437939812474027,,672014
18,NYAN/ETH ARBI Shares,NYAN/ETH-SHARES,0xf285108d3aa4dc9041364b64297979979a7ec7b9,,,0xd84e11bee5d555ccd905817cb8cbbd5b6e6c4f0d,2020770174414375737,,672014
18,NYAN/ETH ARBI Shares,NYAN/ETH-SHARES,0xf285108d3aa4dc9041364b64297979979a7ec7b9,,,0xabf61252a5fdc6406907e389ae987f0db75fd6ce,2000000000000000000,,672014
18,NYAN/ETH ARBI Shares,NYAN/ETH-SHARES,0xf285108d3aa4dc9041364b64297979979a7ec7b9,,,0xee23ca0fe4617efd96fa2421a4a5a276f4a3dd67,1999546394629345942,,672014
18,NYAN/ETH ARBI Shares,NYAN/ETH-SHARES,0xf285108d3aa4dc9041364b64297979979a7ec7b9,,,0x09549ce242146a2407bbb66b979d64692563bf35,1995737340518574086,,672014
18,NYAN/ETH ARBI Shares,NYAN/ETH-SHARES,0xf285108d3aa4dc9041364b64297979979a7ec7b9,,,0x0202ed9ff0d505f9b064a610199a001cef9977bd,1990152724949813696,,672014
18,NYAN/ETH ARBI Shares,NYAN/ETH-SHARES,0xf285108d3aa4dc9041364b64297979979a7ec7b9,,,0x1138f2c7e2198d6b1d7de80377454d280f6877d1,1980072503727134162,,672014
18,NYAN/ETH ARBI Shares,NYAN/ETH-SHARES,0xf285108d3aa4dc9041364b64297979979a7ec7b9,,,0x8d452c1f4bae385b13933c83ecff70d74229915f,1938913295235967745,,672014
18,NYAN/ETH ARBI Shares,NYAN/ETH-SHARES,0xf285108d3aa4dc9041364b64297979979a7ec7b9,,,0xb19ac7a826aac4d2c48d544b40e73119cee74323,1926432249369242337,,672014
18,NYAN/ETH ARBI Shares,NYAN/ETH-SHARES,0xf285108d3aa4dc9041364b64297979979a7ec7b9,,,0x1ddf22bb1550edafa33e29ee7f84f1b82e0d020c,1923705864964739522,,672014
18,NYAN/ETH ARBI Shares,NYAN/ETH-SHARES,0xf285108d3aa4dc9041364b64297979979a7ec7b9,,,0x41f7fc9cd42e9559e1f73aaa2d06653bc815998d,1913125414644495758,,672014
18,NYAN/ETH ARBI Shares,NYAN/ETH-SHARES,0xf285108d3aa4dc9041364b64297979979a7ec7b9,,,0xdbd668ecfe12a20f4b311bc45cc8d4cce3b2dbe3,1886615563402155170,,672014
18,NYAN/ETH ARBI Shares,NYAN/ETH-SHARES,0xf285108d3aa4dc9041364b64297979979a7ec7b9,,,0x73314e3162a4c6ecf37d7cfa437e2c9c98dc3dd4,1851667077526189989,,672014
18,NYAN/ETH ARBI Shares,NYAN/ETH-SHARES,0xf285108d3aa4dc9041364b64297979979a7ec7b9,,,0xbd160c0de7cc1bd36ab1a3a6ec5b801daf92a962,1816287916457151269,,672014
18,NYAN/ETH ARBI Shares,NYAN/ETH-SHARES,0xf285108d3aa4dc9041364b64297979979a7ec7b9,,,0x0494f503912c101bfd76b88e4f5d8a33de284d1a,1815273061630227877,,672014
18,NYAN/ETH ARBI Shares,NYAN/ETH-SHARES,0xf285108d3aa4dc9041364b64297979979a7ec7b9,,,0x6dd998e522a773a9db8db66bd3fd0d2b5629f9b4,1791487774567847791,,672014
18,NYAN/ETH ARBI Shares,NYAN/ETH-SHARES,0xf285108d3aa4dc9041364b64297979979a7ec7b9,,,0x68016f094ebb7b55b04372af335455854b0e2eb6,1785747264257833729,,672014
18,NYAN/ETH ARBI Shares,NYAN/ETH-SHARES,0xf285108d3aa4dc9041364b64297979979a7ec7b9,,,0xb3f59106c5c5e93926145115d75d7837b5701a91,1763373006573312118,,672014
18,NYAN/ETH ARBI Shares,NYAN/ETH-SHARES,0xf285108d3aa4dc9041364b64297979979a7ec7b9,,,0x50a2ef2cb91b63a1e164f6a6c6db9f0eae34ec26,1758384967941467884,,672014
18,NYAN/ETH ARBI Shares,NYAN/ETH-SHARES,0xf285108d3aa4dc9041364b64297979979a7ec7b9,,,0x814fcc59f54c375729084f48a91eafd232e8f19e,1754901712721730666,,672014
18,NYAN/ETH ARBI Shares,NYAN/ETH-SHARES,0xf285108d3aa4dc9041364b64297979979a7ec7b9,,,0x3ce10abd77ab586cb75a5e6562c9adaaf2d5fa09,1748119588860118945,,672014
18,NYAN/ETH ARBI Shares,NYAN/ETH-SHARES,0xf285108d3aa4dc9041364b64297979979a7ec7b9,,,0x4c180462a051ab67d8237ede2c987590df2fbbe6,1690417726867856640,,672014
18,NYAN/ETH ARBI Shares,NYAN/ETH-SHARES,0xf285108d3aa4dc9041364b64297979979a7ec7b9,,,0x7dff806f723157cb4c54c733734658c4d7761312,1661468773894336614,,672014
18,NYAN/ETH ARBI Shares,NYAN/ETH-SHARES,0xf285108d3aa4dc9041364b64297979979a7ec7b9,,,0xba96a2ba89ea249148ee599d2bbcd669de94d4b6,1660972939568582285,,672014
18,NYAN/ETH ARBI Shares,NYAN/ETH-SHARES,0xf285108d3aa4dc9041364b64297979979a7ec7b9,,,0xbde0ee0e7f34cf1bc9aead0f01d4d84a7f4e475e,1635740577429887434,,672014
18,NYAN/ETH ARBI Shares,NYAN/ETH-SHARES,0xf285108d3aa4dc9041364b64297979979a7ec7b9,,,0x5a41b9e9f234a55be28286d9efe567c1e03b9c71,1627401292942705629,,672014
18,NYAN/ETH ARBI Shares,NYAN/ETH-SHARES,0xf285108d3aa4dc9041364b64297979979a7ec7b9,,,0x201a9ae495adcbd9b3f606e1427b99b8d6bc8f90,1615260290914699414,,672014
18,NYAN/ETH ARBI Shares,NYAN/ETH-SHARES,0xf285108d3aa4dc9041364b64297979979a7ec7b9,,,0x2398dc624040e2d3b082c775a46d2cbf8704c145,1613971893829144867,,672014
18,NYAN/ETH ARBI Shares,NYAN/ETH-SHARES,0xf285108d3aa4dc9041364b64297979979a7ec7b9,,,0x1d80767d1c03286843212076333d8252f2044b16,1607849395302073424,,672014
18,NYAN/ETH ARBI Shares,NYAN/ETH-SHARES,0xf285108d3aa4dc9041364b64297979979a7ec7b9,,,0xa574f1a65f6bd25763291de3c337a19974fac4d6,1544642547853744515,,672014
18,NYAN/ETH ARBI Shares,NYAN/ETH-SHARES,0xf285108d3aa4dc9041364b64297979979a7ec7b9,,,0x300c4ed7847f02d5b8be914e56823389f8c3b167,1530204217888839273,,672014
18,NYAN/ETH ARBI Shares,NYAN/ETH-SHARES,0xf285108d3aa4dc9041364b64297979979a7ec7b9,,,0x018ea78bbc48774d9736425fdb1ad4b289562566,1506162589474302576,,672014
18,NYAN/ETH ARBI Shares,NYAN/ETH-SHARES,0xf285108d3aa4dc9041364b64297979979a7ec7b9,,,0xccd88acc387ff33e7e54b36db12e64126bf6b6ff,1490626443506867598,,672014
18,NYAN/ETH ARBI Shares,NYAN/ETH-SHARES,0xf285108d3aa4dc9041364b64297979979a7ec7b9,,,0x4ec2dcdfb3c165da62dd1367cb42fe7551524984,1485318577031488593,,672014
18,NYAN/ETH ARBI Shares,NYAN/ETH-SHARES,0xf285108d3aa4dc9041364b64297979979a7ec7b9,,,0x56de2eff85e255641da7cfc2f87ce5fa0f28214f,1444657288784210768,,672014
18,NYAN/ETH ARBI Shares,NYAN/ETH-SHARES,0xf285108d3aa4dc9041364b64297979979a7ec7b9,,,0x93cabd27a2fcbf18c52d2e204fabcda707f7241c,1430028843628641751,,672014
18,NYAN/ETH ARBI Shares,NYAN/ETH-SHARES,0xf285108d3aa4dc9041364b64297979979a7ec7b9,,,0x35c3ccbbfcd78f2b3581260c5464a74e58d27049,1415805655426150300,,672014
18,NYAN/ETH ARBI Shares,NYAN/ETH-SHARES,0xf285108d3aa4dc9041364b64297979979a7ec7b9,,,0x97f66b645196ca1c34335401f614097b62577097,1397546996556746470,,672014
18,NYAN/ETH ARBI Shares,NYAN/ETH-SHARES,0xf285108d3aa4dc9041364b64297979979a7ec7b9,,,0x316ef7d56f8759ea222d05ee01a798718d5cf53d,1394107884713869983,,672014
18,NYAN/ETH ARBI Shares,NYAN/ETH-SHARES,0xf285108d3aa4dc9041364b64297979979a7ec7b9,,,0xbe5944314f54e3cc22fbe748531b21f5dcae32f5,1390683497511900956,,672014
18,NYAN/ETH ARBI Shares,NYAN/ETH-SHARES,0xf285108d3aa4dc9041364b64297979979a7ec7b9,,,0x2612caeb7a04c5b8f7870bb29a64ef21ff7ee3ef,1363719496724134129,,672014
18,NYAN/ETH ARBI Shares,NYAN/ETH-SHARES,0xf285108d3aa4dc9041364b64297979979a7ec7b9,,,0x6d361440dd4746387eff1ae65ddbfe891059e0ce,1348792545516125495,,672014
18,NYAN/ETH ARBI Shares,NYAN/ETH-SHARES,0xf285108d3aa4dc9041364b64297979979a7ec7b9,,,0xf07262d70c80fa83ce30c60e2449f663aaf24b13,1323078335474919547,,672014
18,NYAN/ETH ARBI Shares,NYAN/ETH-SHARES,0xf285108d3aa4dc9041364b64297979979a7ec7b9,,,0xd5bb42701da4371213ec71bcb6ee7d75a4862064,1284865866156702588,,672014
18,NYAN/ETH ARBI Shares,NYAN/ETH-SHARES,0xf285108d3aa4dc9041364b64297979979a7ec7b9,,,0x842a749408176768357663653f2b0e951828ad6f,1281499032693865608,,672014
18,NYAN/ETH ARBI Shares,NYAN/ETH-SHARES,0xf285108d3aa4dc9041364b64297979979a7ec7b9,,,0x6a4a3606e1c9fa55c7c979b6e56c2493cfbb874c,1266068467146854926,,672014
18,NYAN/ETH ARBI Shares,NYAN/ETH-SHARES,0xf285108d3aa4dc9041364b64297979979a7ec7b9,,,0xe20b1559441f5ec1b476088075ec87eb61e578e0,1262618002345415859,,672014
18,NYAN/ETH ARBI Shares,NYAN/ETH-SHARES,0xf285108d3aa4dc9041364b64297979979a7ec7b9,,,0x7b37a8b9a797f962fde1ee011203f775113a4954,1195482771822494532,,672014
18,NYAN/ETH ARBI Shares,NYAN/ETH-SHARES,0xf285108d3aa4dc9041364b64297979979a7ec7b9,,,0x5f8a7cadb4526544fd16a44389e3e28efe04572b,1187581770256028575,,672014
18,NYAN/ETH ARBI Shares,NYAN/ETH-SHARES,0xf285108d3aa4dc9041364b64297979979a7ec7b9,,,0x3b88cf2f5d5952cc54acd8605c012f1c3ecb1f03,1173773922687648443,,672014
18,NYAN/ETH ARBI Shares,NYAN/ETH-SHARES,0xf285108d3aa4dc9041364b64297979979a7ec7b9,,,0xb4cb36c0937a070a8b2f476a733be5d3bed16e0b,1153777588492405921,,672014
18,NYAN/ETH ARBI Shares,NYAN/ETH-SHARES,0xf285108d3aa4dc9041364b64297979979a7ec7b9,,,0xddbf58c2a65d007defb274228d43001a2f704396,1127717379525633550,,672014
18,NYAN/ETH ARBI Shares,NYAN/ETH-SHARES,0xf285108d3aa4dc9041364b64297979979a7ec7b9,,,0x621e5a7859008deed8165666d8a19102a5d6d82b,1118633363991310436,,672014
18,NYAN/ETH ARBI Shares,NYAN/ETH-SHARES,0xf285108d3aa4dc9041364b64297979979a7ec7b9,,,0x5fb3354a1ca33d79c6b3ad0603516fe329068679,1110719629969398948,,672014
18,NYAN/ETH ARBI Shares,NYAN/ETH-SHARES,0xf285108d3aa4dc9041364b64297979979a7ec7b9,,,0x14f63324f02426b5e5130fe92350e048f95b2b24,1096899868022185417,,672014
18,NYAN/ETH ARBI Shares,NYAN/ETH-SHARES,0xf285108d3aa4dc9041364b64297979979a7ec7b9,,,0x6da0c6a8889089c9e466be8699992f19f0e18e3d,1072983068503348197,,672014
18,NYAN/ETH ARBI Shares,NYAN/ETH-SHARES,0xf285108d3aa4dc9041364b64297979979a7ec7b9,,,0x29754d7a9f9f344327158e2d01508efa415bd558,1072204801755055793,,672014
18,NYAN/ETH ARBI Shares,NYAN/ETH-SHARES,0xf285108d3aa4dc9041364b64297979979a7ec7b9,,,0x2b5d13d0b275e91f428248370e02e3800f908324,1025873265398824076,,672014
18,NYAN/ETH ARBI Shares,NYAN/ETH-SHARES,0xf285108d3aa4dc9041364b64297979979a7ec7b9,,,0x44bf6f5b5a5884e748fc87e10ddc4b6eb3c027c7,1000000000000000000,,672014
18,NYAN/ETH ARBI Shares,NYAN/ETH-SHARES,0xf285108d3aa4dc9041364b64297979979a7ec7b9,,,0xf7c8a4a99ba34b4744d08999dd017b5faa4d3378,978506020158830908,,672014
18,NYAN/ETH ARBI Shares,NYAN/ETH-SHARES,0xf285108d3aa4dc9041364b64297979979a7ec7b9,,,0xcf02cfdf4985fdf05970ac1a2535cca18eb149a1,976207003662022916,,672014
18,NYAN/ETH ARBI Shares,NYAN/ETH-SHARES,0xf285108d3aa4dc9041364b64297979979a7ec7b9,,,0xfd16c43ce6678a520b7002b3338eb38722626d93,975359004651140383,,672014
18,NYAN/ETH ARBI Shares,NYAN/ETH-SHARES,0xf285108d3aa4dc9041364b64297979979a7ec7b9,,,0x56db784a40b88f8bf83cd112c10027aa90f7be01,970502943237884759,,672014
18,NYAN/ETH ARBI Shares,NYAN/ETH-SHARES,0xf285108d3aa4dc9041364b64297979979a7ec7b9,,,0x42725a485c4dd073a3c15895c216acb15872abb8,962530861426279198,,672014
18,NYAN/ETH ARBI Shares,NYAN/ETH-SHARES,0xf285108d3aa4dc9041364b64297979979a7ec7b9,,,0x64ea0fa30efed0d53900fcd4fb10c6c47262f0d9,961822597908496862,,672014
18,NYAN/ETH ARBI Shares,NYAN/ETH-SHARES,0xf285108d3aa4dc9041364b64297979979a7ec7b9,,,0x7a05e83a158c08ad8d24b063290883b45b30dd52,953787708447618396,,672014
18,NYAN/ETH ARBI Shares,NYAN/ETH-SHARES,0xf285108d3aa4dc9041364b64297979979a7ec7b9,,,0x8bace3a49a375027868cdd34e84521eed1f1b01d,936466734221139344,,672014
18,NYAN/ETH ARBI Shares,NYAN/ETH-SHARES,0xf285108d3aa4dc9041364b64297979979a7ec7b9,,,0x175256f85a43d02a252c3e2b953fa8efdff9972b,931194645910082032,,672014
18,NYAN/ETH ARBI Shares,NYAN/ETH-SHARES,0xf285108d3aa4dc9041364b64297979979a7ec7b9,,,0xeb4db23c27253077fb3080adda6c5c127b0dacae,924699774359147412,,672014
18,NYAN/ETH ARBI Shares,NYAN/ETH-SHARES,0xf285108d3aa4dc9041364b64297979979a7ec7b9,,,0x8912c75c353cb4d09f62428e7d45a4ebf0d2ac50,904352022662499561,,672014
18,NYAN/ETH ARBI Shares,NYAN/ETH-SHARES,0xf285108d3aa4dc9041364b64297979979a7ec7b9,,,0x40c69a4b704ec8d58bc80b0c3eddbacfc453d2af,898750659420755695,,672014
18,NYAN/ETH ARBI Shares,NYAN/ETH-SHARES,0xf285108d3aa4dc9041364b64297979979a7ec7b9,,,0xc92d60af8001b1070ce40337205af18a0bbed142,882519349454396837,,672014
18,NYAN/ETH ARBI Shares,NYAN/ETH-SHARES,0xf285108d3aa4dc9041364b64297979979a7ec7b9,,,0xe2a06dadfcb0007855224f6f63cb34e2e6be0d6c,882266855092191182,,672014
18,NYAN/ETH ARBI Shares,NYAN/ETH-SHARES,0xf285108d3aa4dc9041364b64297979979a7ec7b9,,,0x3f5eb1902b4c7ad044dd8259b76414711986a720,847871588849106752,,672014
18,NYAN/ETH ARBI Shares,NYAN/ETH-SHARES,0xf285108d3aa4dc9041364b64297979979a7ec7b9,,,0xa1ed47c901cdd1f65da6c3a4c7cfa2865dada747,847284127729695119,,672014
18,NYAN/ETH ARBI Shares,NYAN/ETH-SHARES,0xf285108d3aa4dc9041364b64297979979a7ec7b9,,,0x63421ae93c44f5f3f58b7e3ad1245e955db49897,840714547652854461,,672014
18,NYAN/ETH ARBI Shares,NYAN/ETH-SHARES,0xf285108d3aa4dc9041364b64297979979a7ec7b9,,,0xf3aedfe55a7142b4fbc8a077f65f827fc61cec4a,832031713707199047,,672014
18,NYAN/ETH ARBI Shares,NYAN/ETH-SHARES,0xf285108d3aa4dc9041364b64297979979a7ec7b9,,,0x209217189e39dcecf92309d8560aae57bff596c3,810398784744418249,,672014
18,NYAN/ETH ARBI Shares,NYAN/ETH-SHARES,0xf285108d3aa4dc9041364b64297979979a7ec7b9,,,0x165899365888c81acc63d762c1e0de07af5627c0,790247691887303787,,672014
18,NYAN/ETH ARBI Shares,NYAN/ETH-SHARES,0xf285108d3aa4dc9041364b64297979979a7ec7b9,,,0x7b49c23427714d2a910bb05d132b12b2752d21e5,778759095154062018,,672014
18,NYAN/ETH ARBI Shares,NYAN/ETH-SHARES,0xf285108d3aa4dc9041364b64297979979a7ec7b9,,,0xbc5597d104ce96b9bdc7ce0c7eef2223565e22a4,770789917759684757,,672014
18,NYAN/ETH ARBI Shares,NYAN/ETH-SHARES,0xf285108d3aa4dc9041364b64297979979a7ec7b9,,,0xe44deeda19268c06a0d20a98c699deb6241aae8a,769799517188279384,,672014
18,NYAN/ETH ARBI Shares,NYAN/ETH-SHARES,0xf285108d3aa4dc9041364b64297979979a7ec7b9,,,0x2457a555c663b6866bb31c9575f2b2e87d96af0d,754964530112057853,,672014
18,NYAN/ETH ARBI Shares,NYAN/ETH-SHARES,0xf285108d3aa4dc9041364b64297979979a7ec7b9,,,0x00b25e5a33d55baa363ab079b3186a8e73569d05,754542694947188741,,672014
18,NYAN/ETH ARBI Shares,NYAN/ETH-SHARES,0xf285108d3aa4dc9041364b64297979979a7ec7b9,,,0x69171409bdd8e1059e5883dc2fe7b0bcbb4aaee9,752954830055085555,,672014
18,NYAN/ETH ARBI Shares,NYAN/ETH-SHARES,0xf285108d3aa4dc9041364b64297979979a7ec7b9,,,0xb916e626e71f1a8bca18e3abb36b881ead0656b6,752725095152305205,,672014
18,NYAN/ETH ARBI Shares,NYAN/ETH-SHARES,0xf285108d3aa4dc9041364b64297979979a7ec7b9,,,0xeef023a29c5982b9bea2d80628d9180b3c3acc26,715454990454366321,,672014
18,NYAN/ETH ARBI Shares,NYAN/ETH-SHARES,0xf285108d3aa4dc9041364b64297979979a7ec7b9,,,0x4dc67be9027a7b46b5d09abbfa6f7f38d391a1c9,706744188946739945,,672014
18,NYAN/ETH ARBI Shares,NYAN/ETH-SHARES,0xf285108d3aa4dc9041364b64297979979a7ec7b9,,,0xf70fa1b8443c620ca7d43a9d17f4bde8b09031cc,695825715574525285,,672014
18,NYAN/ETH ARBI Shares,NYAN/ETH-SHARES,0xf285108d3aa4dc9041364b64297979979a7ec7b9,,,0xa6949ac07a957ac6191a03bb93899db88aef3230,682464023619791094,,672014
18,NYAN/ETH ARBI Shares,NYAN/ETH-SHARES,0xf285108d3aa4dc9041364b64297979979a7ec7b9,,,0xe93fb6784e7cec8fb8d283a70295df714f3c0db7,666077913885172456,,672014
18,NYAN/ETH ARBI Shares,NYAN/ETH-SHARES,0xf285108d3aa4dc9041364b64297979979a7ec7b9,,,0xa8461c3f32d356bdb8e321352047138e38b2d5f4,650084197197358477,,672014
18,NYAN/ETH ARBI Shares,NYAN/ETH-SHARES,0xf285108d3aa4dc9041364b64297979979a7ec7b9,,,0x18c3a2a482efb7914b658836a153c8c562fa61cd,648654024417139884,,672014
18,NYAN/ETH ARBI Shares,NYAN/ETH-SHARES,0xf285108d3aa4dc9041364b64297979979a7ec7b9,,,0xaed0bd15e6b8fd728b2c3652453ef61d3bde2a0c,643470695152700291,,672014
18,NYAN/ETH ARBI Shares,NYAN/ETH-SHARES,0xf285108d3aa4dc9041364b64297979979a7ec7b9,,,0x970b206f3bfb86f06581bbec04dd2e703266fe84,636634220425063008,,672014
18,NYAN/ETH ARBI Shares,NYAN/ETH-SHARES,0xf285108d3aa4dc9041364b64297979979a7ec7b9,,,0x1ce139b73dbc1d855e4b360856ac3885558fc5f8,624210984733769501,,672014
18,NYAN/ETH ARBI Shares,NYAN/ETH-SHARES,0xf285108d3aa4dc9041364b64297979979a7ec7b9,,,0x28afae9e08c2f550014df16ee730d32158763273,581445563951295719,,672014
18,NYAN/ETH ARBI Shares,NYAN/ETH-SHARES,0xf285108d3aa4dc9041364b64297979979a7ec7b9,,,0x9f4fc3283d78cd6884d2c279fb202aa76bbb98ea,578455642886403952,,672014
18,NYAN/ETH ARBI Shares,NYAN/ETH-SHARES,0xf285108d3aa4dc9041364b64297979979a7ec7b9,,,0x66923cde32aff78890f9d3df47f38396463fcdb5,577576262822382879,,672014
18,NYAN/ETH ARBI Shares,NYAN/ETH-SHARES,0xf285108d3aa4dc9041364b64297979979a7ec7b9,,,0x81931a6a097856684ef70ab61dac896fe871c209,577326445930320884,,672014
18,NYAN/ETH ARBI Shares,NYAN/ETH-SHARES,0xf285108d3aa4dc9041364b64297979979a7ec7b9,,,0xf82e8bc7e11a22b5ab835ca25a477203a97bdb16,576599807953915808,,672014
18,NYAN/ETH ARBI Shares,NYAN/ETH-SHARES,0xf285108d3aa4dc9041364b64297979979a7ec7b9,,,0xc1e7ebf91c6c02a13e2a85a59ba30611e397f5d7,574285262554158560,,672014
18,NYAN/ETH ARBI Shares,NYAN/ETH-SHARES,0xf285108d3aa4dc9041364b64297979979a7ec7b9,,,0xf89bad8282ece5a1ba4a6d38e5d757c00d35f852,545820608542661199,,672014
18,NYAN/ETH ARBI Shares,NYAN/ETH-SHARES,0xf285108d3aa4dc9041364b64297979979a7ec7b9,,,0x5e996be53df1779e15d52ce64bdb943022db1696,531384493624832019,,672014
18,NYAN/ETH ARBI Shares,NYAN/ETH-SHARES,0xf285108d3aa4dc9041364b64297979979a7ec7b9,,,0x375c4952dfe5d5f0eae142f73cf8138ad496a722,515592911432855391,,672014
18,NYAN/ETH ARBI Shares,NYAN/ETH-SHARES,0xf285108d3aa4dc9041364b64297979979a7ec7b9,,,0xc7094f7a71bed629f9ddb71a1a69c7f6fc3133bc,499623044502528436,,672014
18,NYAN/ETH ARBI Shares,NYAN/ETH-SHARES,0xf285108d3aa4dc9041364b64297979979a7ec7b9,,,0x92bcfd8132d58af96b40b15f349ed8c7665b4eb0,494982134979744397,,672014
18,NYAN/ETH ARBI Shares,NYAN/ETH-SHARES,0xf285108d3aa4dc9041364b64297979979a7ec7b9,,,0xae076a41b227e7ba07ca7c5791df168de7e16646,488682032321451132,,672014
18,NYAN/ETH ARBI Shares,NYAN/ETH-SHARES,0xf285108d3aa4dc9041364b64297979979a7ec7b9,,,0x5aad2f41bd26b08ef4281fb1c55b4f10728548d7,488203450967226908,,672014
18,NYAN/ETH ARBI Shares,NYAN/ETH-SHARES,0xf285108d3aa4dc9041364b64297979979a7ec7b9,,,0x059f825206540fee5b529091c594a8809b0cf218,483263897470338878,,672014
18,NYAN/ETH ARBI Shares,NYAN/ETH-SHARES,0xf285108d3aa4dc9041364b64297979979a7ec7b9,,,0xd4c922260d6345a3bedc0666202da809c11ccea9,479489151182751975,,672014
18,NYAN/ETH ARBI Shares,NYAN/ETH-SHARES,0xf285108d3aa4dc9041364b64297979979a7ec7b9,,,0x88d87143d4071e5b775278a2e9fde1af050fea3c,479479981368681903,,672014
18,NYAN/ETH ARBI Shares,NYAN/ETH-SHARES,0xf285108d3aa4dc9041364b64297979979a7ec7b9,,,0x6ad1986fe76f465eb0064d9ada2180dba1da9cc9,479479981368681903,,672014
18,NYAN/ETH ARBI Shares,NYAN/ETH-SHARES,0xf285108d3aa4dc9041364b64297979979a7ec7b9,,,0xcee3808c2441651e26a8dfda9842c7e72785f1af,479104704068102953,,672014
18,NYAN/ETH ARBI Shares,NYAN/ETH-SHARES,0xf285108d3aa4dc9041364b64297979979a7ec7b9,,,0xd05520b470409acb6c3701762fb7b2baff309dfb,479104704068102953,,672014
18,NYAN/ETH ARBI Shares,NYAN/ETH-SHARES,0xf285108d3aa4dc9041364b64297979979a7ec7b9,,,0x866e17a80459299d65a0eda8edaa1bcfd71f284a,476048866759342270,,672014
18,NYAN/ETH ARBI Shares,NYAN/ETH-SHARES,0xf285108d3aa4dc9041364b64297979979a7ec7b9,,,0x7e0a6f814a57e1919f60525294d834b7532476a4,467346943256434027,,672014
18,NYAN/ETH ARBI Shares,NYAN/ETH-SHARES,0xf285108d3aa4dc9041364b64297979979a7ec7b9,,,0x612356ea7e7f2d9d9bdc1af83043eb6f14061dd4,461458924665372198,,672014
18,NYAN/ETH ARBI Shares,NYAN/ETH-SHARES,0xf285108d3aa4dc9041364b64297979979a7ec7b9,,,0xd7b012a9fb8887aa55e2f539041a7a8b7c30ab15,453036484578433136,,672014
18,NYAN/ETH ARBI Shares,NYAN/ETH-SHARES,0xf285108d3aa4dc9041364b64297979979a7ec7b9,,,0xf0b34a8ea7708b8dac3f6c94a84b9f7537b5d3d4,446801814124684427,,672014
18,NYAN/ETH ARBI Shares,NYAN/ETH-SHARES,0xf285108d3aa4dc9041364b64297979979a7ec7b9,,,0x41ac72a732a0cd69c5a3c960843de90b69c93242,443393416530906421,,672014
18,NYAN/ETH ARBI Shares,NYAN/ETH-SHARES,0xf285108d3aa4dc9041364b64297979979a7ec7b9,,,0x9f325778f85b28c3e1d6e51c29ee62e5fb81b375,442866486736743532,,672014
18,NYAN/ETH ARBI Shares,NYAN/ETH-SHARES,0xf285108d3aa4dc9041364b64297979979a7ec7b9,,,0x730deb3ccbf9468fc6b996af8a8f3e5dc10c148a,422884830921577574,,672014
18,NYAN/ETH ARBI Shares,NYAN/ETH-SHARES,0xf285108d3aa4dc9041364b64297979979a7ec7b9,,,0x5a0b84d2993f7cddd03876966c11ba4f567a7ba9,419156507527624746,,672014
18,NYAN/ETH ARBI Shares,NYAN/ETH-SHARES,0xf285108d3aa4dc9041364b64297979979a7ec7b9,,,0xfe0a6fbf5908c104b3934aea833db2e75a3914e5,417445642344981961,,672014
18,NYAN/ETH ARBI Shares,NYAN/ETH-SHARES,0xf285108d3aa4dc9041364b64297979979a7ec7b9,,,0x77e39267e87fdd02d62d831708b7e1152710397c,415262618761960795,,672014
18,NYAN/ETH ARBI Shares,NYAN/ETH-SHARES,0xf285108d3aa4dc9041364b64297979979a7ec7b9,,,0xf9c123d5642e424f1b059e17ea09fc596b6469bb,414899209280900989,,672014
18,NYAN/ETH ARBI Shares,NYAN/ETH-SHARES,0xf285108d3aa4dc9041364b64297979979a7ec7b9,,,0xa7a56a69b7da784cbd4ad6804f73e985732f6a01,411170105955442800,,672014
18,NYAN/ETH ARBI Shares,NYAN/ETH-SHARES,0xf285108d3aa4dc9041364b64297979979a7ec7b9,,,0x29ebcd4acfd3ff9aa028377a8b1330d452694fc1,406112417132863341,,672014
18,NYAN/ETH ARBI Shares,NYAN/ETH-SHARES,0xf285108d3aa4dc9041364b64297979979a7ec7b9,,,0x7fbb2005b74398d50790b0e289b01daeb652f6ae,405554748209835988,,672014
18,NYAN/ETH ARBI Shares,NYAN/ETH-SHARES,0xf285108d3aa4dc9041364b64297979979a7ec7b9,,,0xcaf76ca5cf79510f7928eee79efeb92372957c10,397256375624613919,,672014
18,NYAN/ETH ARBI Shares,NYAN/ETH-SHARES,0xf285108d3aa4dc9041364b64297979979a7ec7b9,,,0x2c8cf899e98c538e3c58319e7e5a0105344a53b6,389818506218008518,,672014
18,NYAN/ETH ARBI Shares,NYAN/ETH-SHARES,0xf285108d3aa4dc9041364b64297979979a7ec7b9,,,0x47f79b75bc7752188d461fb2b8883968abdcf3af,389138175097584254,,672014
18,NYAN/ETH ARBI Shares,NYAN/ETH-SHARES,0xf285108d3aa4dc9041364b64297979979a7ec7b9,,,0x6a341e131f2a11c253e33096c4f92c9e135725e5,386956374790050286,,672014
18,NYAN/ETH ARBI Shares,NYAN/ETH-SHARES,0xf285108d3aa4dc9041364b64297979979a7ec7b9,,,0x63e3817b15df97391ba8e2512150eabe1c4fbf56,362752407250858992,,672014
18,NYAN/ETH ARBI Shares,NYAN/ETH-SHARES,0xf285108d3aa4dc9041364b64297979979a7ec7b9,,,0xaa666dd5b7db78516a812b772fe5c1d67c66f270,359238518784491941,,672014
18,NYAN/ETH ARBI Shares,NYAN/ETH-SHARES,0xf285108d3aa4dc9041364b64297979979a7ec7b9,,,0xd6aea0120d585e8b4e71c3615b5f34094ca2e6c7,350853901075780040,,672014
18,NYAN/ETH ARBI Shares,NYAN/ETH-SHARES,0xf285108d3aa4dc9041364b64297979979a7ec7b9,,,0x37e4bac8ab9433acca9b62dfed849600fda5eaf0,349022280420945380,,672014
18,NYAN/ETH ARBI Shares,NYAN/ETH-SHARES,0xf285108d3aa4dc9041364b64297979979a7ec7b9,,,0x631a688ae6d59af15758f1c148480e9e07271bec,346771403121789038,,672014
18,NYAN/ETH ARBI Shares,NYAN/ETH-SHARES,0xf285108d3aa4dc9041364b64297979979a7ec7b9,,,0xd0dc07b98769f23a7bdbef15a35faa256cb65dcf,345495411927591696,,672014
18,NYAN/ETH ARBI Shares,NYAN/ETH-SHARES,0xf285108d3aa4dc9041364b64297979979a7ec7b9,,,0x6ce4d61de4ebd111e78cf9be0d5c71a6e59a46fb,339557933627789576,,672014
18,NYAN/ETH ARBI Shares,NYAN/ETH-SHARES,0xf285108d3aa4dc9041364b64297979979a7ec7b9,,,0xb11f3adffaff9cdd143d57cc81807d989c2ce608,329033999240084930,,672014
18,NYAN/ETH ARBI Shares,NYAN/ETH-SHARES,0xf285108d3aa4dc9041364b64297979979a7ec7b9,,,0x809c5ec497a794f9bc4f7e2cd3181d5f7069944d,326773345420792624,,672014
18,NYAN/ETH ARBI Shares,NYAN/ETH-SHARES,0xf285108d3aa4dc9041364b64297979979a7ec7b9,,,0xf09945cb20a7ead56f270a428cfb9d55ccc76ed5,320303773318828186,,672014
18,NYAN/ETH ARBI Shares,NYAN/ETH-SHARES,0xf285108d3aa4dc9041364b64297979979a7ec7b9,,,0x3e3672b23eb22946a31263d2d178bf0fb1f4bbfd,310301866896208487,,672014
18,NYAN/ETH ARBI Shares,NYAN/ETH-SHARES,0xf285108d3aa4dc9041364b64297979979a7ec7b9,,,0x1c223f9183a753a5b5303e5131bcc067b149566c,308206470552100627,,672014
18,NYAN/ETH ARBI Shares,NYAN/ETH-SHARES,0xf285108d3aa4dc9041364b64297979979a7ec7b9,,,0xc8390451711a3553e0a0cc398fa037cffb76cdaa,307304602917889758,,672014
18,NYAN/ETH ARBI Shares,NYAN/ETH-SHARES,0xf285108d3aa4dc9041364b64297979979a7ec7b9,,,0xea932e0e9550fb4b3ea93c2a06a0e101de40f102,300000000000000000,,672014
18,NYAN/ETH ARBI Shares,NYAN/ETH-SHARES,0xf285108d3aa4dc9041364b64297979979a7ec7b9,,,0x8f6f630564f06f24f11e69b96a93d6a5b0b0f946,300000000000000000,,672014
18,NYAN/ETH ARBI Shares,NYAN/ETH-SHARES,0xf285108d3aa4dc9041364b64297979979a7ec7b9,,,0xc1e11faba8edabd1d50ca487e5a23964765892b3,300000000000000000,,672014
18,NYAN/ETH ARBI Shares,NYAN/ETH-SHARES,0xf285108d3aa4dc9041364b64297979979a7ec7b9,,,0x03fef62a00c67520e1f77f07e34a8e64787ea2a2,300000000000000000,,672014
18,NYAN/ETH ARBI Shares,NYAN/ETH-SHARES,0xf285108d3aa4dc9041364b64297979979a7ec7b9,,,0x96ca1769a42cb02a5b292ddec0dfc82e1730aa86,300000000000000000,,672014
18,NYAN/ETH ARBI Shares,NYAN/ETH-SHARES,0xf285108d3aa4dc9041364b64297979979a7ec7b9,,,0x5eee4919513ac937b8b711c5911b6dc47f5bb36a,283228557094014428,,672014
18,NYAN/ETH ARBI Shares,NYAN/ETH-SHARES,0xf285108d3aa4dc9041364b64297979979a7ec7b9,,,0x093599e111a14aaefef98573f26a7aa2cc58ebff,283169233257702070,,672014
18,NYAN/ETH ARBI Shares,NYAN/ETH-SHARES,0xf285108d3aa4dc9041364b64297979979a7ec7b9,,,0x2155422d571ee78f3bab97d8dddf15a6d9157acf,273341814583991242,,672014
18,NYAN/ETH ARBI Shares,NYAN/ETH-SHARES,0xf285108d3aa4dc9041364b64297979979a7ec7b9,,,0x62261ffe617505213c5086f0ed87e561a2bbcf4f,267736556107112388,,672014
18,NYAN/ETH ARBI Shares,NYAN/ETH-SHARES,0xf285108d3aa4dc9041364b64297979979a7ec7b9,,,0xc2c9983d63044fdca3e6e5d99967b459d830bcda,264262833387055705,,672014
18,NYAN/ETH ARBI Shares,NYAN/ETH-SHARES,0xf285108d3aa4dc9041364b64297979979a7ec7b9,,,0xb5305cadf036628fc8d7ebe87413a7bb1382f9f7,261219377131220428,,672014
18,NYAN/ETH ARBI Shares,NYAN/ETH-SHARES,0xf285108d3aa4dc9041364b64297979979a7ec7b9,,,0x4a97404ac4932bf9527a68710892786584cd350b,259568491109312445,,672014
18,NYAN/ETH ARBI Shares,NYAN/ETH-SHARES,0xf285108d3aa4dc9041364b64297979979a7ec7b9,,,0xe6d41527e692bbee73655281913aa7e482f14866,258876321113846354,,672014
18,NYAN/ETH ARBI Shares,NYAN/ETH-SHARES,0xf285108d3aa4dc9041364b64297979979a7ec7b9,,,0xbd17dc58175f03c9370dc3fecac91157d333eb32,256148801732455638,,672014
18,NYAN/ETH ARBI Shares,NYAN/ETH-SHARES,0xf285108d3aa4dc9041364b64297979979a7ec7b9,,,0x2cc14197c1f6528dd87972a0c77911a5df75f1b0,240186113759268952,,672014
18,NYAN/ETH ARBI Shares,NYAN/ETH-SHARES,0xf285108d3aa4dc9041364b64297979979a7ec7b9,,,0x2d7cecdb0595f89b92a155e1170e0c2768accc16,239821963870328923,,672014
18,NYAN/ETH ARBI Shares,NYAN/ETH-SHARES,0xf285108d3aa4dc9041364b64297979979a7ec7b9,,,0x07cc9a545238c06c43a9fd9105fb5d7f61c328a4,239256558687849393,,672014
18,NYAN/ETH ARBI Shares,NYAN/ETH-SHARES,0xf285108d3aa4dc9041364b64297979979a7ec7b9,,,0xf240ddb9990988c575f51a4fd53f9c8ebb11bb7b,234356210687850093,,672014
18,NYAN/ETH ARBI Shares,NYAN/ETH-SHARES,0xf285108d3aa4dc9041364b64297979979a7ec7b9,,,0x21a2e8f10cd12dc45093d152784cb677d88f8324,225644830143178268,,672014
18,NYAN/ETH ARBI Shares,NYAN/ETH-SHARES,0xf285108d3aa4dc9041364b64297979979a7ec7b9,,,0x83f3abec2a772009e286e8ccbedf850f08a926d9,221841281173634759,,672014
18,NYAN/ETH ARBI Shares,NYAN/ETH-SHARES,0xf285108d3aa4dc9041364b64297979979a7ec7b9,,,0x3890da58c340b7137028c93a6c174e2380aab049,212806011268800614,,672014
18,NYAN/ETH ARBI Shares,NYAN/ETH-SHARES,0xf285108d3aa4dc9041364b64297979979a7ec7b9,,,0x69187183e33161ec98f77f9154feb61de56fb53a,210794806412846442,,672014
18,NYAN/ETH ARBI Shares,NYAN/ETH-SHARES,0xf285108d3aa4dc9041364b64297979979a7ec7b9,,,0xc32ada37a22098c091a001c60e58a941cfa9a1fd,210031062565598157,,672014
18,NYAN/ETH ARBI Shares,NYAN/ETH-SHARES,0xf285108d3aa4dc9041364b64297979979a7ec7b9,,,0xed77dec7e560bb9c0b82c497ab6242e4cf61ec6c,209945520839492982,,672014
18,NYAN/ETH ARBI Shares,NYAN/ETH-SHARES,0xf285108d3aa4dc9041364b64297979979a7ec7b9,,,0x4c2f62d6f34388a8d134907fea723e7ed902fe22,204114956785119253,,672014
18,NYAN/ETH ARBI Shares,NYAN/ETH-SHARES,0xf285108d3aa4dc9041364b64297979979a7ec7b9,,,0xc81dcec81713c30c4f5ae959838f90d6317b387e,203906060999388292,,672014
18,NYAN/ETH ARBI Shares,NYAN/ETH-SHARES,0xf285108d3aa4dc9041364b64297979979a7ec7b9,,,0xe13151988c207e939228a637796395ee92ef5aad,202699085684493543,,672014
18,NYAN/ETH ARBI Shares,NYAN/ETH-SHARES,0xf285108d3aa4dc9041364b64297979979a7ec7b9,,,0x38159974344aff005db673f723410078ec84edd4,200000000000000000,,672014
18,NYAN/ETH ARBI Shares,NYAN/ETH-SHARES,0xf285108d3aa4dc9041364b64297979979a7ec7b9,,,0x3c458dbafdce2d89ed8a46f192ffdcc3b95095f9,199024751662524630,,672014
18,NYAN/ETH ARBI Shares,NYAN/ETH-SHARES,0xf285108d3aa4dc9041364b64297979979a7ec7b9,,,0x5015e3f937727703e45b640be9fb2500da6683df,195747395821637811,,672014
18,NYAN/ETH ARBI Shares,NYAN/ETH-SHARES,0xf285108d3aa4dc9041364b64297979979a7ec7b9,,,0x046049b901aaf96e03f34b2cf1913804dd2bd864,194918722337482568,,672014
18,NYAN/ETH ARBI Shares,NYAN/ETH-SHARES,0xf285108d3aa4dc9041364b64297979979a7ec7b9,,,0x00ffccc1944d5409289f581d7db8db336f523650,194300595806189505,,672014
18,NYAN/ETH ARBI Shares,NYAN/ETH-SHARES,0xf285108d3aa4dc9041364b64297979979a7ec7b9,,,0x92ec8dfaecc357c5b44f6f822c3d3ed0a34f0789,189600366503922398,,672014
18,NYAN/ETH ARBI Shares,NYAN/ETH-SHARES,0xf285108d3aa4dc9041364b64297979979a7ec7b9,,,0xc22e70d3effb8260920d8202d2a983e8dbafa604,187781223707413951,,672014
18,NYAN/ETH ARBI Shares,NYAN/ETH-SHARES,0xf285108d3aa4dc9041364b64297979979a7ec7b9,,,0xab45512b3c450d6e9b2f10ae042675c108e98436,187312751995245386,,672014
18,NYAN/ETH ARBI Shares,NYAN/ETH-SHARES,0xf285108d3aa4dc9041364b64297979979a7ec7b9,,,0x892bc9acae7dbef1d74d57d819237fe443c37c1e,186887625674505976,,672014
18,NYAN/ETH ARBI Shares,NYAN/ETH-SHARES,0xf285108d3aa4dc9041364b64297979979a7ec7b9,,,0x105e025b92fafd3aaa39f45a14d84b29849e779f,185476689851857832,,672014
18,NYAN/ETH ARBI Shares,NYAN/ETH-SHARES,0xf285108d3aa4dc9041364b64297979979a7ec7b9,,,0x1433a5f5a2f9576d1c3bb4c09f0ff4a66fcc5267,183886225530887853,,672014
18,NYAN/ETH ARBI Shares,NYAN/ETH-SHARES,0xf285108d3aa4dc9041364b64297979979a7ec7b9,,,0x48a24185d89007be248c582786e325be156a4ede,182689615951642180,,672014
18,NYAN/ETH ARBI Shares,NYAN/ETH-SHARES,0xf285108d3aa4dc9041364b64297979979a7ec7b9,,,0xd8fc9621edf1675400481f79b3ad73c999b74c4a,181912499272125141,,672014
18,NYAN/ETH ARBI Shares,NYAN/ETH-SHARES,0xf285108d3aa4dc9041364b64297979979a7ec7b9,,,0x316aab49950b68b25244041fce83690afabc71b3,181134090365483912,,672014
18,NYAN/ETH ARBI Shares,NYAN/ETH-SHARES,0xf285108d3aa4dc9041364b64297979979a7ec7b9,,,0x269ea4cd75a8ecabff55e47a34453801e412b991,181120921175074479,,672014
18,NYAN/ETH ARBI Shares,NYAN/ETH-SHARES,0xf285108d3aa4dc9041364b64297979979a7ec7b9,,,0xe8ed459018cce0b17017dd358917e9c0f504724b,178563254549820686,,672014
18,NYAN/ETH ARBI Shares,NYAN/ETH-SHARES,0xf285108d3aa4dc9041364b64297979979a7ec7b9,,,0x0b9d2046e9a85fe8fcf766fb047a7221384fadb6,177935932710989367,,672014
18,NYAN/ETH ARBI Shares,NYAN/ETH-SHARES,0xf285108d3aa4dc9041364b64297979979a7ec7b9,,,0x67f06f290d685cafdbdd2976dfae71f22346e5b8,176861986672628079,,672014
18,NYAN/ETH ARBI Shares,NYAN/ETH-SHARES,0xf285108d3aa4dc9041364b64297979979a7ec7b9,,,0xb1217708ff307200e94bc5952608780328815e3b,175273244702287665,,672014
18,NYAN/ETH ARBI Shares,NYAN/ETH-SHARES,0xf285108d3aa4dc9041364b64297979979a7ec7b9,,,0x9ed83c0b632acac0dc15a27aa91c36b02a174c18,174840913210111387,,672014
18,NYAN/ETH ARBI Shares,NYAN/ETH-SHARES,0xf285108d3aa4dc9041364b64297979979a7ec7b9,,,0x9535b190a53391419e359eb8929d91296c6bf879,170813077024128810,,672014
18,NYAN/ETH ARBI Shares,NYAN/ETH-SHARES,0xf285108d3aa4dc9041364b64297979979a7ec7b9,,,0xcd2d5ab0f0571abc31f9685a89973774d33532fc,164840589523155133,,672014
18,NYAN/ETH ARBI Shares,NYAN/ETH-SHARES,0xf285108d3aa4dc9041364b64297979979a7ec7b9,,,0x6e199d5c7cb9cd6d2e47650c2664a0bb50aa8091,163713333935116302,,672014
18,NYAN/ETH ARBI Shares,NYAN/ETH-SHARES,0xf285108d3aa4dc9041364b64297979979a7ec7b9,,,0x3cdafb56c3dd7c221a3bf8fc0da311adb95f925f,163443235286509534,,672014
18,NYAN/ETH ARBI Shares,NYAN/ETH-SHARES,0xf285108d3aa4dc9041364b64297979979a7ec7b9,,,0xeb6678d6836456b68ff62e4ffffd45bb546c84d5,163347003672032761,,672014
18,NYAN/ETH ARBI Shares,NYAN/ETH-SHARES,0xf285108d3aa4dc9041364b64297979979a7ec7b9,,,0x095455e6a8dee43c79ddb624bf16d1499089282b,161646459539932763,,672014
18,NYAN/ETH ARBI Shares,NYAN/ETH-SHARES,0xf285108d3aa4dc9041364b64297979979a7ec7b9,,,0x10f094f45acf52213a88e3694d7dcb6c1cf5d7d6,159556206710855585,,672014
18,NYAN/ETH ARBI Shares,NYAN/ETH-SHARES,0xf285108d3aa4dc9041364b64297979979a7ec7b9,,,0x4a8918794917b1b2bfb2a78c4241cbe9911cda01,146717229805580457,,672014
18,NYAN/ETH ARBI Shares,NYAN/ETH-SHARES,0xf285108d3aa4dc9041364b64297979979a7ec7b9,,,0x8d40239b3e6521286aeebc6c06bc4d0a20240582,145862831737335179,,672014
18,NYAN/ETH ARBI Shares,NYAN/ETH-SHARES,0xf285108d3aa4dc9041364b64297979979a7ec7b9,,,0xf9ac74d3da1785db9bc1e8b29e47fc33ca8fc9db,139455757821793238,,672014
18,NYAN/ETH ARBI Shares,NYAN/ETH-SHARES,0xf285108d3aa4dc9041364b64297979979a7ec7b9,,,0x694e17b8d065e7a631edc4b6fc9bae7662fb05ed,133241287013188726,,672014
18,NYAN/ETH ARBI Shares,NYAN/ETH-SHARES,0xf285108d3aa4dc9041364b64297979979a7ec7b9,,,0x4e985e71c717db203a88008d84cea94fabf81480,132422447433968050,,672014
18,NYAN/ETH ARBI Shares,NYAN/ETH-SHARES,0xf285108d3aa4dc9041364b64297979979a7ec7b9,,,0xd33b911de08d635782a0bba2d53bbb37ae90be6d,127118622775554968,,672014
18,NYAN/ETH ARBI Shares,NYAN/ETH-SHARES,0xf285108d3aa4dc9041364b64297979979a7ec7b9,,,0x44aabcbed1c1ff45f65a63569385c6cd2e99d6bd,126348839301306301,,672014
18,NYAN/ETH ARBI Shares,NYAN/ETH-SHARES,0xf285108d3aa4dc9041364b64297979979a7ec7b9,,,0x45912a912115ebfca559c9db8867443b64b5cffa,125038814594352110,,672014
18,NYAN/ETH ARBI Shares,NYAN/ETH-SHARES,0xf285108d3aa4dc9041364b64297979979a7ec7b9,,,0x08a176a52a3d9824cc8497acf43a5d957e451ebc,124345204808394324,,672014
18,NYAN/ETH ARBI Shares,NYAN/ETH-SHARES,0xf285108d3aa4dc9041364b64297979979a7ec7b9,,,0xb0f8c422f3c2d0085fca991848c9327bd2b97c63,122578324726354191,,672014
18,NYAN/ETH ARBI Shares,NYAN/ETH-SHARES,0xf285108d3aa4dc9041364b64297979979a7ec7b9,,,0x95d6c79a345c1a3c7b6541a158098c79d9c60546,118293934301936905,,672014
18,NYAN/ETH ARBI Shares,NYAN/ETH-SHARES,0xf285108d3aa4dc9041364b64297979979a7ec7b9,,,0xc0bbde2496aa641384ed7da1eb963fb2afb298ed,112730317168924997,,672014
18,NYAN/ETH ARBI Shares,NYAN/ETH-SHARES,0xf285108d3aa4dc9041364b64297979979a7ec7b9,,,0xfa2666d92445a5d4de12d746e902a2cea74d331f,111509956340644828,,672014
18,NYAN/ETH ARBI Shares,NYAN/ETH-SHARES,0xf285108d3aa4dc9041364b64297979979a7ec7b9,,,0x406e3455307015206e2fe17ae3def8a3e0cb51f6,108671031752236347,,672014
18,NYAN/ETH ARBI Shares,NYAN/ETH-SHARES,0xf285108d3aa4dc9041364b64297979979a7ec7b9,,,0x88a463700af2c7458b7d5fc5ee40c8824f8d4976,104008733710979487,,672014
18,NYAN/ETH ARBI Shares,NYAN/ETH-SHARES,0xf285108d3aa4dc9041364b64297979979a7ec7b9,,,0x75e3b21c5b63d8e993a3dcf0f57f48278c9b63fe,102245932685788205,,672014
18,NYAN/ETH ARBI Shares,NYAN/ETH-SHARES,0xf285108d3aa4dc9041364b64297979979a7ec7b9,,,0xa329a0dd095a9cf76a2e7dc958fda8e030f0dde3,101685781942101956,,672014
18,NYAN/ETH ARBI Shares,NYAN/ETH-SHARES,0xf285108d3aa4dc9041364b64297979979a7ec7b9,,,0xb87e5e8299ac6f10f0452446d9d4f4d2c99a5dd8,101639300425751689,,672014
18,NYAN/ETH ARBI Shares,NYAN/ETH-SHARES,0xf285108d3aa4dc9041364b64297979979a7ec7b9,,,0xe2a4e3cc23fa48847dab8ddfadd270d347a81930,100609762818504398,,672014
18,NYAN/ETH ARBI Shares,NYAN/ETH-SHARES,0xf285108d3aa4dc9041364b64297979979a7ec7b9,,,0x87a164cb4007c8f8a5afeef0783eecafa8a74f8a,98819694308562233,,672014
18,NYAN/ETH ARBI Shares,NYAN/ETH-SHARES,0xf285108d3aa4dc9041364b64297979979a7ec7b9,,,0x03c179ee827df8447836916c961e149d25883861,95537797332486750,,672014
18,NYAN/ETH ARBI Shares,NYAN/ETH-SHARES,0xf285108d3aa4dc9041364b64297979979a7ec7b9,,,0xdc7c6f367e4680d3b8e4ceab1e65cb7e361314a1,90883578027410337,,672014
18,NYAN/ETH ARBI Shares,NYAN/ETH-SHARES,0xf285108d3aa4dc9041364b64297979979a7ec7b9,,,0x672ef4c702c0fcd0253e1d2567132edf3f14d011,90735059905705343,,672014
18,NYAN/ETH ARBI Shares,NYAN/ETH-SHARES,0xf285108d3aa4dc9041364b64297979979a7ec7b9,,,0x6ff917184535552ec918d6a7c710d5a5576586b3,90735059905705343,,672014
18,NYAN/ETH ARBI Shares,NYAN/ETH-SHARES,0xf285108d3aa4dc9041364b64297979979a7ec7b9,,,0x1340651ce500862a8010523ef40f86df73eaff19,90735059905705343,,672014
18,NYAN/ETH ARBI Shares,NYAN/ETH-SHARES,0xf285108d3aa4dc9041364b64297979979a7ec7b9,,,0xde3fed93cc0cbc1c711e2b8b205c4e0c5745c274,90735059905705343,,672014
18,NYAN/ETH ARBI Shares,NYAN/ETH-SHARES,0xf285108d3aa4dc9041364b64297979979a7ec7b9,,,0xee2fdf0d1fa6afc1bae671edad7f7e767dbade10,90707387228395757,,672014
18,NYAN/ETH ARBI Shares,NYAN/ETH-SHARES,0xf285108d3aa4dc9041364b64297979979a7ec7b9,,,0xc28188aebcd4ea0dba3adeffca5c6ce17289d3d1,90586815751803666,,672014
18,NYAN/ETH ARBI Shares,NYAN/ETH-SHARES,0xf285108d3aa4dc9041364b64297979979a7ec7b9,,,0xd078dc54f1eee8aa11dbe1e413d338a807254219,90586815751803666,,672014
18,NYAN/ETH ARBI Shares,NYAN/ETH-SHARES,0xf285108d3aa4dc9041364b64297979979a7ec7b9,,,0x265c01ea9e4dcafdf31d6e1e90d1103b9de861c7,90567045182741956,,672014
18,NYAN/ETH ARBI Shares,NYAN/ETH-SHARES,0xf285108d3aa4dc9041364b64297979979a7ec7b9,,,0xaa3d4dfc931689d7ea134ecb8e187fa999d5d8f5,90546631311038874,,672014
18,NYAN/ETH ARBI Shares,NYAN/ETH-SHARES,0xf285108d3aa4dc9041364b64297979979a7ec7b9,,,0xf871292fc686f9281c74b753e27e3eb040259aef,90546631311038874,,672014
18,NYAN/ETH ARBI Shares,NYAN/ETH-SHARES,0xf285108d3aa4dc9041364b64297979979a7ec7b9,,,0x5c9b6a1bc49b27e663623a540ce66d4d1cb1ec39,90546631311038874,,672014
18,NYAN/ETH ARBI Shares,NYAN/ETH-SHARES,0xf285108d3aa4dc9041364b64297979979a7ec7b9,,,0x168b72731b6eb2971b5440d5ee3a7f16dbdeeb2f,90517439670019205,,672014
18,NYAN/ETH ARBI Shares,NYAN/ETH-SHARES,0xf285108d3aa4dc9041364b64297979979a7ec7b9,,,0x2064e56d929f905e5bff0c1c69c5283b5b1b4244,90517439670019205,,672014
18,NYAN/ETH ARBI Shares,NYAN/ETH-SHARES,0xf285108d3aa4dc9041364b64297979979a7ec7b9,,,0x12c162d1a60b518fee11686044210fffc14b71d4,85148649087526860,,672014
18,NYAN/ETH ARBI Shares,NYAN/ETH-SHARES,0xf285108d3aa4dc9041364b64297979979a7ec7b9,,,0xb2b9300475af157676c44ee64d39a5eb3c294dbd,83527820398766247,,672014
18,NYAN/ETH ARBI Shares,NYAN/ETH-SHARES,0xf285108d3aa4dc9041364b64297979979a7ec7b9,,,0xb3313b023e68cda95d7b625200e1b0fe6335a0c2,75872071747060793,,672014
18,NYAN/ETH ARBI Shares,NYAN/ETH-SHARES,0xf285108d3aa4dc9041364b64297979979a7ec7b9,,,0x8707b9c4da88561dbcae6890d333a36691c58dd3,73605814163155185,,672014
18,NYAN/ETH ARBI Shares,NYAN/ETH-SHARES,0xf285108d3aa4dc9041364b64297979979a7ec7b9,,,0x43e65f8116174d1c38eed3545d21fc37ea34b565,71930109744760568,,672014
18,NYAN/ETH ARBI Shares,NYAN/ETH-SHARES,0xf285108d3aa4dc9041364b64297979979a7ec7b9,,,0xeb56b3a0474462cc501d94100719b07159430b16,64363279536102594,,672014
18,NYAN/ETH ARBI Shares,NYAN/ETH-SHARES,0xf285108d3aa4dc9041364b64297979979a7ec7b9,,,0x547318478192fab20c927f629f044ae7faa33927,62826618943237245,,672014
18,NYAN/ETH ARBI Shares,NYAN/ETH-SHARES,0xf285108d3aa4dc9041364b64297979979a7ec7b9,,,0x2dc6860afa78bf650e31add119a716539cdd3f9b,54880624614720438,,672014
18,NYAN/ETH ARBI Shares,NYAN/ETH-SHARES,0xf285108d3aa4dc9041364b64297979979a7ec7b9,,,0xc1b172595ddc335a9dd80b50117e457ce124bc36,52654204104915173,,672014
18,NYAN/ETH ARBI Shares,NYAN/ETH-SHARES,0xf285108d3aa4dc9041364b64297979979a7ec7b9,,,0xb8b2d1a19443143d65bc495d867f147ee24a8fff,52042315454914398,,672014
18,NYAN/ETH ARBI Shares,NYAN/ETH-SHARES,0xf285108d3aa4dc9041364b64297979979a7ec7b9,,,0xf9e41adeb3f80501f3983d3a9c07cb79838c1ff2,51838728459205301,,672014
18,NYAN/ETH ARBI Shares,NYAN/ETH-SHARES,0xf285108d3aa4dc9041364b64297979979a7ec7b9,,,0x984a3dec37759edb44d227973d6d52103724a4ae,50550748547723775,,672014
18,NYAN/ETH ARBI Shares,NYAN/ETH-SHARES,0xf285108d3aa4dc9041364b64297979979a7ec7b9,,,0x68c7dfd627f01d1fef512c3f1b1cef46ed78b377,46724124341095094,,672014
18,NYAN/ETH ARBI Shares,NYAN/ETH-SHARES,0xf285108d3aa4dc9041364b64297979979a7ec7b9,,,0x2cd6b6ab87c82e2435672fb2638f3de939d4008f,42351451983491578,,672014
18,NYAN/ETH ARBI Shares,NYAN/ETH-SHARES,0xf285108d3aa4dc9041364b64297979979a7ec7b9,,,0xcafc5bea73a34a7b99f4794dd445a6e07aa3091b,41320074844363420,,672014
18,NYAN/ETH ARBI Shares,NYAN/ETH-SHARES,0xf285108d3aa4dc9041364b64297979979a7ec7b9,,,0x853ccc18e05996e991cc00cc1018099b7fc5ee5f,38057534314769904,,672014
18,NYAN/ETH ARBI Shares,NYAN/ETH-SHARES,0xf285108d3aa4dc9041364b64297979979a7ec7b9,,,0x897258c8557e6205f7747b9cae593db334d8f5bf,35371559366120552,,672014
18,NYAN/ETH ARBI Shares,NYAN/ETH-SHARES,0xf285108d3aa4dc9041364b64297979979a7ec7b9,,,0xa858ea02845071dbe09b4b5c3bbea49529beaadb,33004592179317459,,672014
18,NYAN/ETH ARBI Shares,NYAN/ETH-SHARES,0xf285108d3aa4dc9041364b64297979979a7ec7b9,,,0xd6c820d2c6dcce479df3a755e0a555e583b40e80,32784853295352259,,672014
18,NYAN/ETH ARBI Shares,NYAN/ETH-SHARES,0xf285108d3aa4dc9041364b64297979979a7ec7b9,,,0x9483f14b87a7f1fd5846253e0be1a2b4064889d9,31757955731406093,,672014
18,NYAN/ETH ARBI Shares,NYAN/ETH-SHARES,0xf285108d3aa4dc9041364b64297979979a7ec7b9,,,0xbb863d1ba9a968ab4604596bf29d3eea888e1f1b,28538385650400324,,672014
18,NYAN/ETH ARBI Shares,NYAN/ETH-SHARES,0xf285108d3aa4dc9041364b64297979979a7ec7b9,,,0x4bfa44a96586eff7a3dd8883f4055cbf77d16d19,28517116602905019,,672014
18,NYAN/ETH ARBI Shares,NYAN/ETH-SHARES,0xf285108d3aa4dc9041364b64297979979a7ec7b9,,,0x80274f0354b29454ee487b8fc0d7b5b794b41eb2,28478339329415398,,672014
18,NYAN/ETH ARBI Shares,NYAN/ETH-SHARES,0xf285108d3aa4dc9041364b64297979979a7ec7b9,,,0x6247b7691f4bc125fb5f27510d857b8a18015db3,28439642290100846,,672014
18,NYAN/ETH ARBI Shares,NYAN/ETH-SHARES,0xf285108d3aa4dc9041364b64297979979a7ec7b9,,,0x824a3b61b6ed3054898bb25e1731ed3bb1eea49a,28417999979100253,,672014
18,NYAN/ETH ARBI Shares,NYAN/ETH-SHARES,0xf285108d3aa4dc9041364b64297979979a7ec7b9,,,0x354a2cb25855f466515601bbbff00d2d2fe98d87,28385888248005399,,672014
18,NYAN/ETH ARBI Shares,NYAN/ETH-SHARES,0xf285108d3aa4dc9041364b64297979979a7ec7b9,,,0x3ec3a1f69c8d50a04c1530f71c9fb5f8bab8b5ab,28315514040139534,,672014
18,NYAN/ETH ARBI Shares,NYAN/ETH-SHARES,0xf285108d3aa4dc9041364b64297979979a7ec7b9,,,0x0f9d486499b0043b633312c73f1019ec45a4eef3,28296572083098956,,672014
18,NYAN/ETH ARBI Shares,NYAN/ETH-SHARES,0xf285108d3aa4dc9041364b64297979979a7ec7b9,,,0xdaa7c1c813f55a474ef8aa0541b82c1f5b991ac6,20828753420736215,,672014
18,NYAN/ETH ARBI Shares,NYAN/ETH-SHARES,0xf285108d3aa4dc9041364b64297979979a7ec7b9,,,0x97cb9dc94323e7d8e0ab31180b23bb9ebe5cd927,20468618758365450,,672014
18,NYAN/ETH ARBI Shares,NYAN/ETH-SHARES,0xf285108d3aa4dc9041364b64297979979a7ec7b9,,,0xa0be0c8c405c488d002c4d1d9186c87dce27e102,20456399821004175,,672014
18,NYAN/ETH ARBI Shares,NYAN/ETH-SHARES,0xf285108d3aa4dc9041364b64297979979a7ec7b9,,,0x738175db2c999581f29163e6d4d3516ad4af8834,20226694936570877,,672014
18,NYAN/ETH ARBI Shares,NYAN/ETH-SHARES,0xf285108d3aa4dc9041364b64297979979a7ec7b9,,,0xb0e53390e4697e65d6c2ed5213e49b8390da9853,14454610305980056,,672014
18,NYAN/ETH ARBI Shares,NYAN/ETH-SHARES,0xf285108d3aa4dc9041364b64297979979a7ec7b9,,,0x13dd7c2d5bcd399fef2457b712bc7f843e7e249b,10236660800498684,,672014
18,NYAN/ETH ARBI Shares,NYAN/ETH-SHARES,0xf285108d3aa4dc9041364b64297979979a7ec7b9,,,0x5f08da4a3acb1975c1a0ff66293e74e30cb30608,9950763624749074,,672014
18,NYAN/ETH ARBI Shares,NYAN/ETH-SHARES,0xf285108d3aa4dc9041364b64297979979a7ec7b9,,,0x28fd732bdc2d9e8bd09f0edbb19b4d458344947b,5171444634997817,,672014
18,NYAN/ETH ARBI Shares,NYAN/ETH-SHARES,0xf285108d3aa4dc9041364b64297979979a7ec7b9,,,0xba17a734fbbd0e96a0f10723b501c3b0249ccba0,3960583687791646,,672014
18,NYAN/ETH ARBI Shares,NYAN/ETH-SHARES,0xf285108d3aa4dc9041364b64297979979a7ec7b9,,,0x23c7af6f2a27ae82dd8ea809082955a3ace2b5ac,3814998431368195,,672014
18,NYAN/ETH ARBI Shares,NYAN/ETH-SHARES,0xf285108d3aa4dc9041364b64297979979a7ec7b9,,,0x26b2278cb756c28d9d6e362b6dd5e8d17844fd07,359745292939940,,672014
18,NYAN/ETH ARBI Shares,NYAN/ETH-SHARES,0xf285108d3aa4dc9041364b64297979979a7ec7b9,,,0x2731d63bd9dcc8954a00ce371ee684f3a8073167,207116158880294,,672014
18,NYAN/ETH ARBI Shares,NYAN/ETH-SHARES,0xf285108d3aa4dc9041364b64297979979a7ec7b9,,,0x012430f934bc381d9f59a28ea34363bce170353d,176396852288178,,672014
